"","post","follower","following","like","self","gender"
"1",1231,1477,53,35,3,"m"
"2",2056,606,130,160,1,"f"
"3",7355,4285,943,1252,1,"m"
"4",681,1238,50,33,1,"m"
"5",2864,447,94,94,1,"m"
"6",6046,1244,84,69,1,"m"
"7",409,430,37,24,5,"f"
"8",1364,1150,241,240,9,"f"
"9",391,175,33,30,9,"m"
"10",775,712,99,61,5,"f"
"11",2425,1349,164,97,9,"f"
"12",5263,153,166,127,9,"f"
"13",2625,852,362,366,9,"m"
"14",536,190,91,56,7,"f"
"15",891,348,140,158,9,"f"
"16",1432,811,245,205,9,"m"
"17",2574,815,109,80,7,"m"
"18",897,765,121,139,9,"m"
"19",350,95,43,34,1,"m"
"20",562,533,8,9,1,"m"
"21",1214,260,228,84,3,"m"
"22",4869,3898,339,297,7,"m"
"23",323,193,71,82,9,"f"
"24",1557,1686,381,446,3,"m"
"25",4198,642,838,480,9,"f"
"26",385,331,47,71,5,"m"
"27",117,120,17,13,1,"f"
"28",1812,828,102,138,1,"m"
"29",4258,2944,205,288,7,"m"
"30",93,210,5,4,7,"f"
"31",127,499,8,16,9,"f"
"32",1603,531,28,46,5,"f"
"33",460,2822,6,5,9,"f"
"34",407,5108,10,5,7,"m"
"35",2282,7499,57,67,9,"f"
"36",2692,6353,99,75,7,"f"
"37",200,210,138,74,9,"f"
"38",565,169,168,82,7,"f"
"39",2094,4406,18,15,5,"f"
"40",2204,2560,189,208,3,"f"
"41",8766,2611,1620,872,9,"m"
"42",9772,11,261,450,1,"m"
"43",603,885,8,19,3,"f"
"44",529,1784,72,33,5,"m"
"45",186,561,15,8,1,"m"
"46",409,806,32,29,3,"m"
"47",189,690,7,4,9,"f"
"48",1041,449,61,57,7,"m"
"49",7286,6609,602,501,9,"f"
"50",1021,5959,104,81,7,"f"
"51",5749,5000,670,735,1,"m"
"52",2163,3077,66,61,9,"f"
"53",192,422,28,49,7,"f"
"54",130,371,13,10,7,"m"
"55",258,409,7,8,9,"f"
"56",1330,7500,23,37,3,"m"
"57",2283,2125,96,41,5,"f"
"58",744,2375,25,60,3,"m"
"59",139,223,10,7,9,"f"
"60",396,1613,4,2,9,"m"
"61",330,1706,19,18,5,"f"
"62",118,430,3,3,9,"m"
"63",329,1206,11,13,9,"f"
"64",1374,1947,19,32,3,"f"
"65",401,1784,2,14,9,"m"
"66",134,153,7,11,9,"f"
"67",2352,248,274,281,9,"f"
"68",320,559,14,20,9,"m"
"69",359,1110,25,19,9,"m"
"70",408,1936,9,11,1,"m"
"71",340,229,57,68,3,"m"
"72",110,78,14,24,1,"f"
"73",102,164,5,4,1,"f"
"74",178,381,8,8,7,"m"
"75",5053,5457,131,157,9,"m"
"76",851,2873,68,35,3,"f"
"77",239,1626,4,26,9,"m"
"78",654,3373,44,61,3,"f"
"79",1421,4039,11,20,1,"f"
"80",309,789,18,30,7,"m"
"81",2013,992,123,86,1,"f"
"82",3423,6332,66,69,1,"f"
"83",357,3082,17,14,1,"f"
"84",575,311,1,18,5,"m"
"85",2337,2029,134,140,5,"f"
"86",710,570,55,107,9,"m"
"87",646,175,67,98,5,"f"
"88",954,439,106,126,9,"m"
"89",4212,1282,274,225,9,"f"
"90",740,582,73,105,9,"f"
"91",231,314,37,40,5,"f"
"92",463,579,40,43,3,"f"
"93",3855,3787,178,234,3,"f"
"94",872,3127,42,39,7,"f"
"95",649,3710,28,31,9,"f"
"96",1534,5064,56,73,7,"m"
"97",5702,3923,969,952,5,"f"
"98",697,2809,8,13,5,"m"
"99",2201,1684,262,175,1,"f"
"100",818,2878,11,11,1,"m"
"101",404,730,20,31,3,"f"
"102",98,110,17,7,5,"m"
"103",134,165,23,11,3,"m"
"104",869,2954,47,36,5,"f"
"105",95,170,7,7,9,"m"
"106",703,2095,84,68,9,"m"
"107",504,459,69,33,1,"m"
"108",317,250,34,144,5,"f"
"109",200,262,47,58,5,"m"
"110",3736,6585,691,486,1,"m"
"111",5968,6291,255,362,5,"f"
"112",7448,6935,578,551,1,"f"
"113",368,289,47,56,9,"f"
"114",1434,714,153,158,9,"m"
"115",535,282,86,79,9,"m"
"116",575,359,110,98,9,"m"
"117",1668,883,146,187,7,"f"
"118",872,293,140,177,9,"f"
"119",3923,3904,683,454,9,"f"
"120",2600,1863,343,395,3,"f"
"121",742,392,209,191,9,"f"
"122",500,398,41,51,9,"m"
"123",313,235,78,18,9,"m"
"124",240,549,24,35,5,"f"
"125",767,1008,11,43,1,"m"
"126",449,309,54,42,9,"m"
"127",340,1613,26,15,7,"m"
"128",638,356,88,57,9,"m"
"129",149,275,13,12,3,"m"
"130",855,1531,32,90,3,"f"
"131",407,570,11,18,5,"f"
"132",583,2217,46,113,7,"m"
"133",8493,6855,565,275,9,"m"
"134",639,2540,51,27,5,"m"
"135",991,638,200,168,7,"m"
"136",130,365,16,15,9,"m"
"137",224,743,19,17,1,"m"
"138",1302,806,119,151,9,"m"
"139",217,623,5,6,5,"m"
"140",8368,6954,281,252,5,"m"
"141",1046,1814,44,27,5,"m"
"142",1745,7412,103,92,5,"m"
"143",336,526,108,73,3,"f"
"144",411,1607,77,114,7,"m"
"145",3055,3287,151,109,5,"m"
"146",166,246,28,49,7,"m"
"147",950,2307,54,73,9,"m"
"148",623,2194,50,75,3,"m"
"149",511,1500,37,36,9,"m"
"150",271,377,29,29,7,"f"
"151",1660,1475,100,154,9,"m"
"152",1585,4720,136,147,5,"m"
"153",536,311,63,60,5,"m"
"154",662,2201,20,49,7,"f"
"155",1247,1167,47,61,5,"m"
"156",430,2077,116,129,9,"m"
"157",1276,162,61,74,7,"f"
"158",1039,2498,83,104,7,"m"
"159",379,1695,8,16,3,"m"
"160",2425,3817,196,117,7,"m"
"161",2405,4708,69,80,9,"m"
"162",2330,2438,72,131,1,"m"
"163",1276,500,104,119,5,"m"
"164",2361,2244,255,344,9,"f"
"165",2007,6530,33,54,1,"f"
"166",1247,701,85,71,3,"m"
"167",880,7497,61,64,3,"m"
"168",4846,1559,343,295,7,"f"
"169",478,978,123,17,9,"m"
"170",257,500,8,3,7,"m"
"171",218,315,17,18,1,"f"
"172",1300,1137,477,493,9,"m"
"173",743,735,72,103,9,"f"
"174",758,510,26,25,5,"f"
"175",138,298,18,11,3,"f"
"176",303,241,45,43,1,"f"
"177",765,2189,27,29,3,"f"
"178",1830,3381,129,78,9,"f"
"179",1315,2922,116,116,7,"f"
"180",684,353,67,63,7,"f"
"181",1055,386,86,84,1,"m"
"182",5156,2118,111,138,7,"m"
"183",4061,1587,168,150,3,"f"
"184",606,1034,19,10,1,"m"
"185",133,290,17,26,5,"f"
"186",2686,2848,136,155,3,"m"
"187",1710,1987,59,71,5,"f"
"188",1822,3187,111,62,9,"f"
"189",226,216,25,12,3,"f"
"190",696,3027,16,12,1,"m"
"191",334,962,19,26,1,"f"
"192",147,199,46,52,3,"f"
"193",446,579,45,39,5,"f"
"194",574,405,166,111,5,"f"
"195",943,2018,43,22,5,"f"
"196",1692,5999,53,56,1,"m"
"197",1167,927,101,116,5,"f"
"198",7772,1769,297,259,5,"m"
"199",1184,626,198,166,3,"f"
"200",522,869,41,38,3,"f"
"201",799,671,228,216,7,"f"
"202",6158,1265,374,245,5,"f"
"203",916,788,186,146,9,"f"
"204",362,200,27,32,3,"f"
"205",166,178,59,31,3,"f"
"206",1009,2294,131,165,5,"f"
"207",1831,6624,88,64,1,"m"
"208",1047,1026,239,192,5,"f"
"209",752,3061,146,190,3,"f"
"210",1578,901,224,380,7,"f"
"211",899,2372,20,10,7,"m"
"212",959,781,148,174,7,"f"
"213",3174,1837,427,563,7,"f"
"214",789,524,238,247,9,"f"
"215",1001,584,164,194,9,"m"
"216",1524,484,191,183,9,"f"
"217",135,720,0,1,5,"m"
"218",5817,513,59,73,7,"f"
"219",5873,2352,927,736,9,"f"
"220",2051,1366,21,20,7,"m"
"221",1773,2246,47,39,3,"f"
"222",262,371,27,26,3,"f"
"223",1933,2661,177,149,1,"m"
"224",3227,6241,65,91,7,"m"
"225",801,767,15,39,7,"m"
"226",1463,238,15,23,9,"m"
"227",1212,344,42,33,9,"f"
"228",444,720,11,25,5,"f"
"229",683,412,226,202,9,"m"
"230",359,700,44,51,5,"f"
"231",429,2524,32,22,3,"f"
"232",583,1462,6,6,9,"f"
"233",911,4961,69,35,3,"f"
"234",764,1126,10,5,1,"f"
"235",181,343,4,3,5,"f"
"236",3541,3426,284,264,9,"f"
"237",3096,1524,203,186,7,"m"
"238",4747,4722,113,77,1,"m"
"239",109,276,5,6,5,"f"
"240",66,347,5,3,7,"f"
"241",5126,4282,240,212,9,"f"
"242",1104,1098,44,44,5,"f"
"243",217,394,16,10,9,"f"
"244",269,515,49,50,5,"f"
"245",350,468,31,31,5,"f"
"246",946,4921,64,59,3,"f"
"247",1371,2361,63,38,7,"m"
"248",462,551,135,139,1,"m"
"249",1342,6050,194,161,5,"f"
"250",401,1170,32,25,1,"m"
"251",663,536,158,668,1,"f"
"252",113,369,5,252,7,"m"
"253",416,2691,129,186,5,"m"
"254",2721,7735,105,81,7,"f"
"255",1927,985,123,176,7,"f"
"256",313,2462,6,2,9,"m"
"257",4107,4063,577,660,9,"m"
"258",2333,2214,110,126,7,"m"
"259",2057,3128,98,149,9,"f"
"260",3453,4185,215,251,9,"f"
"261",563,5582,20,11,3,"m"
"262",127,376,3,3,9,"m"
"263",641,1087,23,26,9,"m"
"264",2826,7498,40,75,3,"m"
"265",323,966,16,18,7,"f"
"266",127,294,3,6,5,"f"
"267",5321,3285,132,96,9,"f"
"268",330,1784,44,26,5,"m"
"269",5345,2646,183,127,3,"m"
"270",1021,7008,85,58,1,"f"
"271",1423,2601,69,73,9,"f"
"272",238,215,45,36,3,"f"
"273",305,524,32,42,7,"m"
"274",219,150,62,69,9,"f"
"275",592,3094,9,3,1,"m"
"276",707,699,35,31,7,"m"
"277",9455,5121,243,247,3,"m"
"278",460,439,33,14,3,"f"
"279",579,630,304,147,1,"f"
"280",6225,1966,1012,853,5,"f"
"281",4084,2704,205,104,9,"f"
"282",240,329,47,23,7,"f"
"283",341,1734,2,1,9,"f"
"284",2908,899,281,246,1,"f"
"285",981,2504,93,66,1,"m"
"286",1496,1049,298,211,5,"f"
"287",535,425,77,64,9,"m"
"288",871,1929,3,6,3,"f"
"289",649,699,65,141,1,"f"
"290",415,1020,15,47,7,"m"
"291",1564,1681,35,33,1,"f"
"292",2675,5384,106,90,1,"f"
"293",312,1090,80,56,7,"m"
"294",374,1124,126,89,7,"m"
"295",590,525,43,46,3,"f"
"296",257,775,4,15,1,"f"
"297",1073,2138,26,31,1,"m"
"298",519,675,83,52,1,"m"
"299",1305,6072,86,114,5,"m"
"300",142,445,50,20,7,"m"
"301",113,256,5,11,1,"f"
"302",154,393,32,23,7,"f"
"303",1259,703,82,88,5,"f"
"304",1224,245,154,138,7,"f"
"305",2837,2292,229,105,9,"f"
"306",1178,762,192,209,9,"f"
"307",9462,1008,646,603,9,"m"
"308",500,1514,25,15,3,"f"
"309",1063,571,76,77,7,"m"
"310",6978,6300,1374,1806,7,"f"
"311",483,330,43,34,9,"f"
"312",762,2093,13,29,7,"f"
"313",1526,2702,201,233,7,"m"
"314",183,599,21,12,9,"f"
"315",436,494,5,1,9,"m"
"316",738,1907,64,69,9,"m"
"317",1298,996,53,43,9,"m"
"318",933,501,41,34,9,"f"
"319",218,337,16,26,5,"f"
"320",1108,958,17,13,9,"m"
"321",185,1208,18,7,7,"m"
"322",16,32,0,2,1,"m"
"323",1248,7500,15,31,1,"f"
"324",1465,3630,81,91,9,"f"
"325",6528,977,1015,729,9,"m"
"326",104,311,5,8,9,"f"
"327",64,174,1,0,9,"m"
"328",2289,792,331,248,5,"m"
"329",6054,6553,211,224,9,"m"
"330",774,2795,59,51,9,"m"
"331",7611,3985,1154,1447,9,"m"
"332",1270,6411,125,185,1,"f"
"333",1224,1146,20,80,5,"f"
"334",1217,6406,15,175,7,"m"
"335",832,2282,37,36,5,"f"
"336",104,55,20,11,1,"m"
"337",663,846,4,33,3,"f"
"338",610,1293,32,85,3,"m"
"339",333,1503,11,8,3,"f"
"340",3106,3841,114,84,9,"m"
"341",189,690,17,22,5,"m"
"342",1656,1390,124,116,5,"f"
"343",1976,7140,181,112,9,"m"
"344",7303,1936,797,1185,9,"f"
"345",2471,1380,307,294,3,"f"
"346",774,1420,31,33,1,"f"
"347",1180,3073,116,47,1,"f"
"348",1780,4992,56,74,1,"f"
"349",3112,7462,63,103,9,"m"
"350",4433,6733,75,113,1,"f"
"351",175,295,16,6,9,"f"
"352",2471,4805,133,57,5,"f"
"353",346,566,47,47,1,"f"
"354",211,878,10,9,5,"f"
"355",223,180,7,8,1,"f"
"356",1814,3422,40,34,5,"m"
"357",1368,4133,95,25,5,"m"
"358",310,620,8,5,7,"m"
"359",328,363,6,8,7,"f"
"360",162,1125,5,3,7,"m"
"361",807,2795,7,4,5,"m"
"362",254,996,16,10,7,"f"
"363",173,205,7,10,5,"m"
"364",725,869,11,7,9,"m"
"365",1027,442,128,54,7,"f"
"366",1263,597,160,89,9,"f"
"367",1934,1502,63,66,3,"f"
"368",8022,5923,118,47,3,"m"
"369",1836,4793,18,7,3,"f"
"370",500,540,468,471,3,"f"
"371",2210,2239,318,688,1,"f"
"372",1193,4210,36,52,1,"f"
"373",1580,2150,70,74,9,"m"
"374",3053,5660,30,104,5,"m"
"375",1452,1747,51,53,3,"f"
"376",4727,327,203,284,9,"f"
"377",1649,6799,126,122,1,"m"
"378",630,397,75,96,3,"f"
"379",229,1031,74,61,7,"m"
"380",123,238,8,11,3,"f"
"381",956,746,47,41,1,"m"
"382",1967,1726,95,88,5,"m"
"383",85,53,6,6,1,"f"
"384",77,248,4,33,1,"f"
"385",168,1121,77,28,1,"f"
"386",1616,5054,15,20,1,"f"
"387",628,3171,72,71,3,"f"
"388",196,508,26,24,5,"f"
"389",567,2984,85,55,3,"m"
"390",1260,3123,103,67,1,"m"
"391",370,479,16,18,3,"f"
"392",281,246,20,21,1,"f"
"393",1887,5565,84,46,3,"f"
"394",833,1318,47,45,1,"f"
"395",71,248,13,6,5,"m"
"396",1218,3308,162,156,1,"m"
"397",496,1704,61,48,3,"f"
"398",354,1304,25,16,7,"m"
"399",455,504,47,17,3,"f"
"400",1430,4195,109,130,1,"m"
"401",1284,2177,15,17,7,"f"
"402",1054,2307,60,31,7,"m"
"403",2484,2775,106,102,7,"m"
"404",1796,4556,16,13,5,"m"
"405",2132,7492,30,9,1,"m"
"406",1454,1023,111,81,1,"m"
"407",857,6690,202,82,9,"m"
"408",301,1754,3,3,7,"m"
"409",635,1522,9,112,1,"m"
"410",1108,4825,28,18,7,"m"
"411",294,1280,4,6,1,"m"
"412",965,5293,11,6,5,"m"
"413",1267,5409,114,96,3,"m"
"414",474,1831,56,123,7,"m"
"415",778,4216,44,58,5,"m"
"416",272,664,27,15,3,"m"
"417",568,1387,61,74,7,"m"
"418",265,1903,13,4,9,"m"
"419",370,2742,30,21,3,"m"
"420",174,399,8,7,7,"f"
"421",151,501,5,5,9,"m"
"422",221,1705,6,7,5,"m"
"423",106,508,5,30,3,"m"
"424",835,6437,76,67,3,"m"
"425",656,6396,27,46,1,"m"
"426",1174,7500,37,81,9,"m"
"427",523,6107,10,7,9,"m"
"428",455,3816,9,35,9,"m"
"429",671,4614,28,8,9,"m"
"430",3570,14,465,240,1,"f"
"431",1926,4491,4,23,3,"m"
"432",1695,2001,157,146,1,"m"
"433",397,914,9,8,3,"m"
"434",365,670,54,51,5,"m"
"435",604,1876,15,10,3,"m"
"436",1058,2973,66,59,5,"f"
"437",1996,7500,29,70,3,"f"
"438",207,92,6,5,1,"f"
"439",665,4225,24,7,1,"f"
"440",541,369,50,37,3,"f"
"441",1011,449,246,147,5,"m"
"442",502,604,21,62,3,"f"
"443",318,728,43,58,3,"f"
"444",868,2618,102,137,7,"f"
"445",229,1084,25,15,1,"f"
"446",246,457,31,35,1,"f"
"447",647,353,57,64,1,"f"
"448",615,895,63,97,7,"m"
"449",318,407,9,24,3,"f"
"450",2347,7486,331,242,1,"f"
"451",743,3179,92,97,1,"f"
"452",1707,1515,41,51,3,"f"
"453",619,695,77,72,3,"f"
"454",365,257,28,55,3,"m"
"455",1093,3741,55,34,5,"f"
"456",984,7485,7,20,1,"m"
"457",1748,7500,84,91,3,"f"
"458",787,2085,39,67,1,"m"
"459",2682,6818,144,115,3,"f"
"460",843,975,99,88,5,"f"
"461",549,378,119,117,9,"f"
"462",3180,684,212,193,7,"f"
"463",2326,6920,37,48,7,"f"
"464",1587,4997,58,45,5,"f"
