"","Kilometres","Zone","Bonus","Make","Insured","Claims","Payment"
"1","1","1","1","1",39.38,8,19055
"2","1","1","1","2",33.22,14,70516
"3","1","1","1","3",25.94,6,12853
"4","1","1","1","4",4.97,0,0
"5","1","1","1","5",5.83,1,5315
"6","1","1","1","6",10.55,2,14735
"7","1","1","1","7",656.72,178,808500
"8","1","1","2","1",40.03,7,53251
"9","1","1","2","2",31.2,8,64325
"10","1","1","2","3",40.44,6,51965
"11","1","1","2","4",4.58,1,8390
"12","1","1","2","5",10.55,0,0
"13","1","1","2","6",20.21,2,8498
"14","1","1","2","7",714.54,124,537382
"15","1","1","3","1",54.57,8,17149
"16","1","1","3","2",36.47,8,46332
"17","1","1","3","3",32.03,6,42364
"18","1","1","3","4",4.03,0,0
"19","1","1","3","5",11.06,0,0
"20","1","1","3","6",18.96,1,1000
"21","1","1","3","7",641.37,105,571836
"22","1","1","4","1",61.37,3,67055
"23","1","1","4","2",40.59,5,18027
"24","1","1","4","3",32,0,0
"25","1","1","4","4",2.43,0,0
"26","1","1","4","5",16.54,1,1725
"27","1","1","4","6",20.67,3,10781
"28","1","1","4","7",648.49,85,457107
"29","1","1","5","1",92.05,11,18385
"30","1","1","5","2",65.64,10,47270
"31","1","1","5","3",58.99,5,40553
"32","1","1","5","4",1.57,0,0
"33","1","1","5","5",18.46,2,8860
"34","1","1","5","6",22.92,1,1845
"35","1","1","5","7",854.27,115,466675
"36","1","1","6","1",183.54,8,30510
"37","1","1","6","2",116.62,15,66600
"38","1","1","6","3",115.02,11,56739
"39","1","1","6","4",4.61,0,0
"40","1","1","6","5",42.25,4,6990
"41","1","1","6","6",47.19,4,4778
"42","1","1","6","7",1702.43,163,761336
"43","1","1","7","1",717.63,47,208573
"44","1","1","7","2",401.42,35,150942
"45","1","1","7","3",439.61,30,266009
"46","1","1","7","4",21.22,1,2000
"47","1","1","7","5",145.24,9,53228
"48","1","1","7","6",182.52,9,15099
"49","1","1","7","7",5827.73,435,2289605
"50","1","2","1","1",43.32,4,13238
"51","1","2","1","2",21.67,5,8608
"52","1","2","1","3",21.83,1,2495
"53","1","2","1","4",6.92,2,5307
"54","1","2","1","5",9.75,1,6866
"55","1","2","1","6",20.25,0,0
"56","1","2","1","7",460.27,87,438695
"57","1","2","2","1",53.04,10,68513
"58","1","2","2","2",26.38,4,8435
"59","1","2","2","3",29.54,3,8813
"60","1","2","2","4",6.84,0,0
"61","1","2","2","5",11.94,2,3694
"62","1","2","2","6",27.82,2,4249
"63","1","2","2","7",594.93,77,304867
"64","1","2","3","1",71.9,8,51707
"65","1","2","3","2",31.96,6,25061
"66","1","2","3","3",28.18,3,34674
"67","1","2","3","4",5.98,0,0
"68","1","2","3","5",10.02,2,2855
"69","1","2","3","6",22.94,1,8000
"70","1","2","3","7",642.08,66,232603
"71","1","2","4","1",75.09,3,12022
"72","1","2","4","2",39.02,2,3970
"73","1","2","4","3",26.66,1,1467
"74","1","2","4","4",4.81,0,0
"75","1","2","4","5",14.32,0,0
"76","1","2","4","6",38.4,1,31442
"77","1","2","4","7",738.65,95,459869
"78","1","2","5","1",122,2,13341
"79","1","2","5","2",49.82,4,38056
"80","1","2","5","3",56.86,0,0
"81","1","2","5","4",4.69,0,0
"82","1","2","5","5",25.1,1,31442
"83","1","2","5","6",38.73,3,3731
"84","1","2","5","7",1061.91,92,563868
"85","1","2","6","1",276.21,24,84068
"86","1","2","6","2",121.45,12,40273
"87","1","2","6","3",140.3,11,72080
"88","1","2","6","4",5.76,0,0
"89","1","2","6","5",64.51,7,110527
"90","1","2","6","6",71.49,3,4822
"91","1","2","6","7",2235.31,178,668053
"92","1","2","7","1",1110.45,65,373173
"93","1","2","7","2",484.99,43,139960
"94","1","2","7","3",611.99,34,157871
"95","1","2","7","4",31.88,0,0
"96","1","2","7","5",254.68,20,147025
"97","1","2","7","6",313.88,16,102075
"98","1","2","7","7",9322.53,542,2769357
"99","1","3","1","1",62.53,6,48495
"100","1","3","1","2",22.94,5,22703
"101","1","3","1","3",17.73,3,15788
"102","1","3","1","4",6.76,1,992
"103","1","3","1","5",8.97,2,31615
"104","1","3","1","6",25.31,3,2575
"105","1","3","1","7",452.57,59,263066
"106","1","3","2","1",74.65,12,61398
"107","1","3","2","2",21.61,1,1450
"108","1","3","2","3",27.4,3,5061
"109","1","3","2","4",5.81,2,3671
"110","1","3","2","5",13.19,2,4928
"111","1","3","2","6",32.8,5,69277
"112","1","3","2","7",620.15,70,267546
"113","1","3","3","1",94.29,13,54694
"114","1","3","3","2",31.55,3,34055
"115","1","3","3","3",29.43,2,1426
"116","1","3","3","4",5.58,0,0
"117","1","3","3","5",19.91,3,6534
"118","1","3","3","6",44.03,0,0
"119","1","3","3","7",677.03,64,340866
"120","1","3","4","1",107.13,11,94918
"121","1","3","4","2",32.28,3,2313
"122","1","3","4","3",33.65,4,12288
"123","1","3","4","4",3.27,0,0
"124","1","3","4","5",22.77,3,5911
"125","1","3","4","6",43.27,2,10115
"126","1","3","4","7",763.9,64,239157
"127","1","3","5","1",149.79,8,37006
"128","1","3","5","2",58.08,5,37990
"129","1","3","5","3",48.59,6,11364
"130","1","3","5","4",6.96,0,0
"131","1","3","5","5",34.25,4,35822
"132","1","3","5","6",59.82,4,6347
"133","1","3","5","7",1122.76,74,292784
"134","1","3","6","1",300.28,22,76756
"135","1","3","6","2",124.65,12,92958
"136","1","3","6","3",145.5,5,19178
"137","1","3","6","4",9.91,0,0
"138","1","3","6","5",63.07,5,20281
"139","1","3","6","6",101.73,6,43173
"140","1","3","6","7",2252.07,170,807559
"141","1","3","7","1",1291.25,41,293493
"142","1","3","7","2",520.94,29,138830
"143","1","3","7","3",676.38,28,235831
"144","1","3","7","4",35.33,2,5829
"145","1","3","7","5",299.99,23,120261
"146","1","3","7","6",523.39,14,62013
"147","1","3","7","7",10830.6,528,2752700
"148","1","4","1","1",109.23,13,60096
"149","1","4","1","2",31.71,3,36934
"150","1","4","1","3",32.35,2,32365
"151","1","4","1","4",9.88,1,3542
"152","1","4","1","5",19.48,2,1065
"153","1","4","1","6",50.65,5,42686
"154","1","4","1","7",802.37,96,541641
"155","1","4","2","1",180.1,26,103992
"156","1","4","2","2",35.5,5,65836
"157","1","4","2","3",50.22,2,32896
"158","1","4","2","4",11.9,1,2825
"159","1","4","2","5",36.25,6,11558
"160","1","4","2","6",106.18,7,21782
"161","1","4","2","7",1188.92,119,571736
"162","1","4","3","1",198.57,18,70984
"163","1","4","3","2",59.81,3,14822
"164","1","4","3","3",46.93,2,4836
"165","1","4","3","4",14.15,0,0
"166","1","4","3","5",35.34,1,1985
"167","1","4","3","6",106.79,5,40142
"168","1","4","3","7",1279.36,117,517200
"169","1","4","4","1",230.03,9,53377
"170","1","4","4","2",59.93,4,15865
"171","1","4","4","3",47.93,1,31442
"172","1","4","4","4",12.54,1,800
"173","1","4","4","5",34.38,1,2237
"174","1","4","4","6",107.54,7,50019
"175","1","4","4","7",1507.93,106,670558
"176","1","4","5","1",317.01,15,80540
"177","1","4","5","2",104.4,5,10570
"178","1","4","5","3",102.93,4,5590
"179","1","4","5","4",10.46,0,0
"180","1","4","5","5",50.41,2,4525
"181","1","4","5","6",122.58,5,16623
"182","1","4","5","7",2154.39,138,698447
"183","1","4","6","1",541.77,32,161900
"184","1","4","6","2",215.82,6,14288
"185","1","4","6","3",246.8,8,58500
"186","1","4","6","4",11.39,0,0
"187","1","4","6","5",133.59,13,95129
"188","1","4","6","6",226.28,10,22795
"189","1","4","6","7",4582.2,273,1498555
"190","1","4","7","1",2946.7,122,613652
"191","1","4","7","2",1117.96,58,255116
"192","1","4","7","3",1396.49,53,337846
"193","1","4","7","4",75.39,1,1962
"194","1","4","7","5",635.91,29,196401
"195","1","4","7","6",1291.12,50,333231
"196","1","4","7","7",23506.76,995,5510967
"197","1","5","1","1",9.75,0,0
"198","1","5","1","2",2.94,0,0
"199","1","5","1","3",14.21,3,13529
"200","1","5","1","4",0.76,0,0
"201","1","5","1","5",3.42,1,4058
"202","1","5","1","6",5.64,0,0
"203","1","5","1","7",122.32,18,160609.5
"204","1","5","2","1",17.77,0,0
"205","1","5","2","2",4.89,1,9007
"206","1","5","2","3",4.58,0,0
"207","1","5","2","4",0.1,0,0
"208","1","5","2","5",6.13,1,4225
"209","1","5","2","6",5.16,0,0
"210","1","5","2","7",146,13,95879
"211","1","5","3","1",20.03,0,0
"212","1","5","3","2",6.06,0,0
"213","1","5","3","3",3.24,1,779
"214","1","5","3","4",1.16,0,0
"215","1","5","3","5",1.52,0,0
"216","1","5","3","6",9.01,0,0
"217","1","5","3","7",201.72,15,83479
"218","1","5","4","1",20.61,3,35174
"219","1","5","4","2",7.09,0,0
"220","1","5","4","3",7.6,2,3611
"221","1","5","4","5",3.31,0,0
"222","1","5","4","6",13,0,0
"223","1","5","4","7",189.8,12,61341
"224","1","5","5","1",28.28,1,716
"225","1","5","5","2",17.99,1,3896
"226","1","5","5","3",21.19,1,1576
"227","1","5","5","5",10.13,0,0
"228","1","5","5","6",10.81,0,0
"229","1","5","5","7",250.04,22,107065
"230","1","5","6","1",54.72,1,3000
"231","1","5","6","2",21.61,2,4502
"232","1","5","6","3",42.44,2,3695
"233","1","5","6","4",1.65,0,0
"234","1","5","6","5",16.46,0,0
"235","1","5","6","6",26.23,2,10259
"236","1","5","6","7",622.06,49,212390.75
"237","1","5","7","1",266.04,17,80318
"238","1","5","7","2",116.75,6,48119
"239","1","5","7","3",171.84,9,26797
"240","1","5","7","4",2.07,0,0
"241","1","5","7","5",61.96,4,10580
"242","1","5","7","6",114.36,2,39981
"243","1","5","7","7",2610.11,112,714555.25
"244","1","6","1","1",30.8,4,8714
"245","1","6","1","2",11.97,2,7747
"246","1","6","1","3",3.22,1,31442
"247","1","6","1","4",1.34,0,0
"248","1","6","1","5",8.91,2,3112
"249","1","6","1","6",15.68,0,0
"250","1","6","1","7",215.06,16,121718
"251","1","6","2","1",62.69,9,20731
"252","1","6","2","2",8.04,0,0
"253","1","6","2","3",10.73,0,0
"254","1","6","2","4",1.68,0,0
"255","1","6","2","5",15.42,1,3277
"256","1","6","2","6",31.15,2,5291
"257","1","6","2","7",336,22,124516
"258","1","6","3","1",63.63,2,5400
"259","1","6","3","2",11.93,2,9525
"260","1","6","3","3",12.55,0,0
"261","1","6","3","4",2.3,0,0
"262","1","6","3","5",10.67,1,31442
"263","1","6","3","6",38.64,2,1953
"264","1","6","3","7",384.98,30,153161
"265","1","6","4","1",69.43,11,62295
"266","1","6","4","2",13.47,1,2575
"267","1","6","4","3",14.11,2,32158
"268","1","6","4","4",1.05,0,0
"269","1","6","4","5",7.5,1,31442
"270","1","6","4","6",36.19,0,0
"271","1","6","4","7",424.23,26,121387
"272","1","6","5","1",87.44,5,17072
"273","1","6","5","2",23.03,2,2283
"274","1","6","5","3",23.02,0,0
"275","1","6","5","4",1.58,0,0
"276","1","6","5","5",10.55,2,32423
"277","1","6","5","6",32.49,5,68672
"278","1","6","5","7",577.01,36,186668
"279","1","6","6","1",157.06,5,16138
"280","1","6","6","2",49.35,3,64610
"281","1","6","6","3",67.45,2,2977
"282","1","6","6","4",1.15,0,0
"283","1","6","6","5",39.6,1,1802
"284","1","6","6","6",75.36,2,11385
"285","1","6","6","7",1331.63,73,437058
"286","1","6","7","1",889.43,34,261859
"287","1","6","7","2",313.49,18,137743
"288","1","6","7","3",415.78,11,79125
"289","1","6","7","4",19.5,1,874
"290","1","6","7","5",178.83,10,21659
"291","1","6","7","6",389.82,17,64534
"292","1","6","7","7",7120.03,353,1672198
"293","1","7","1","1",0.9,0,0
"294","1","7","1","2",0.04,0,0
"295","1","7","1","5",0.7,0,0
"296","1","7","1","7",14.77,2,8628
"297","1","7","2","1",2.25,0,0
"298","1","7","2","2",0.72,0,0
"299","1","7","2","3",0.46,0,0
"300","1","7","2","5",0.3,0,0
"301","1","7","2","6",1.32,0,0
"302","1","7","2","7",28,1,1314
"303","1","7","3","1",4.71,0,0
"304","1","7","3","2",1.88,0,0
"305","1","7","3","3",0.08,0,0
"306","1","7","3","5",0.04,0,0
"307","1","7","3","6",1.88,0,0
"308","1","7","3","7",24.23,2,6600
"309","1","7","4","1",3.74,0,0
"310","1","7","4","2",1.2,0,0
"311","1","7","4","4",0.7,0,0
"312","1","7","4","6",0.96,1,1231
"313","1","7","4","7",24.64,0,0
"314","1","7","5","1",5.98,2,6102
"315","1","7","5","2",0.8,0,0
"316","1","7","5","3",1.1,0,0
"317","1","7","5","4",0.34,0,0
"318","1","7","5","5",0.7,0,0
"319","1","7","5","6",2.48,0,0
"320","1","7","5","7",40.51,2,4085
"321","1","7","6","1",8.47,0,0
"322","1","7","6","2",2.49,0,0
"323","1","7","6","3",2.89,0,0
"324","1","7","6","4",0.13,0,0
"325","1","7","6","5",1.36,0,0
"326","1","7","6","6",4.15,0,0
"327","1","7","6","7",73.89,2,32275
"328","1","7","7","1",51.24,1,31442
"329","1","7","7","2",21.74,2,31942
"330","1","7","7","3",9.91,0,0
"331","1","7","7","4",2.35,0,0
"332","1","7","7","5",8.74,0,0
"333","1","7","7","6",16.61,0,0
"334","1","7","7","7",400.76,17,113218
"335","2","1","1","1",455.13,108,392491
"336","2","1","1","2",69.17,19,46221
"337","2","1","1","3",72.88,13,15694
"338","2","1","1","4",1292.39,124,422201
"339","2","1","1","5",191.01,40,119373
"340","2","1","1","6",477.66,57,170913
"341","2","1","1","7",10136.59,1741,6940419
"342","2","1","2","1",314.58,45,214011
"343","2","1","2","2",61.82,10,65303
"344","2","1","2","3",47.06,5,20871
"345","2","1","2","4",782.58,48,242894
"346","2","1","2","5",115.43,11,23545
"347","2","1","2","6",338.06,23,39598
"348","2","1","2","7",6501.88,647,2928814
"349","2","1","3","1",309.98,24,134931
"350","2","1","3","2",49.18,6,50908
"351","2","1","3","3",32.02,3,4399
"352","2","1","3","4",497.2,23,112992
"353","2","1","3","5",73.48,6,14788
"354","2","1","3","6",278.01,9,48713
"355","2","1","3","7",5147.37,420,1772917
"356","2","1","4","1",318.48,29,103866
"357","2","1","4","2",57.21,7,77588
"358","2","1","4","3",35.33,4,11839
"359","2","1","4","4",374.28,20,98140
"360","2","1","4","5",85.18,7,27919
"361","2","1","4","6",199.7,7,103910
"362","2","1","4","7",4336.29,304,1305743
"363","2","1","5","1",444.37,25,69203
"364","2","1","5","2",86.65,6,14620
"365","2","1","5","3",53.81,5,40258
"366","2","1","5","4",361.62,22,161455
"367","2","1","5","5",117.91,3,20011
"368","2","1","5","6",232.55,11,57214
"369","2","1","5","7",4860.85,304,1120704
"370","2","1","6","1",1016.67,61,217617
"371","2","1","6","2",150.56,12,58099
"372","2","1","6","3",126.69,4,12268
"373","2","1","6","4",517.31,16,59634
"374","2","1","6","5",246.62,13,84966
"375","2","1","6","6",482.96,19,137005
"376","2","1","6","7",9427.47,537,1979940
"377","2","1","7","1",5430.48,214,1048698
"378","2","1","7","2",659.54,24,143915
"379","2","1","7","3",657.34,22,153830
"380","2","1","7","4",2795.72,60,202413
"381","2","1","7","5",1119.12,41,180345
"382","2","1","7","6",2861.69,92,484604
"383","2","1","7","7",49542.25,1918,9144412
"384","2","2","1","1",458.89,98,532092
"385","2","2","1","2",72.78,5,9006
"386","2","2","1","3",33.23,7,45498
"387","2","2","1","4",1544.55,101,337480
"388","2","2","1","5",200.9,43,191982
"389","2","2","1","6",663.98,65,300632
"390","2","2","1","7",11534.97,1340,6210528
"391","2","2","2","1",364.78,40,211494
"392","2","2","2","2",51.89,5,10811
"393","2","2","2","3",29.39,4,36204
"394","2","2","2","4",1053.01,33,135007
"395","2","2","2","5",110.1,16,49061
"396","2","2","2","6",470.62,30,64287
"397","2","2","2","7",7718.83,600,2561887
"398","2","2","3","1",315.14,17,106975
"399","2","2","3","2",64.53,4,16922
"400","2","2","3","3",27.24,2,8255
"401","2","2","3","4",726.13,29,93656
"402","2","2","3","5",96.49,4,44966
"403","2","2","3","6",365.81,16,43426
"404","2","2","3","7",5993.08,326,1442668
"405","2","2","4","1",320.47,16,136143
"406","2","2","4","2",69.55,4,34137
"407","2","2","4","3",33.37,1,2702
"408","2","2","4","4",507.57,9,22292
"409","2","2","4","5",72.4,7,20295
"410","2","2","4","6",316.14,9,57404
"411","2","2","4","7",5047.96,272,1384526
"412","2","2","5","1",473.63,27,136376
"413","2","2","5","2",88.09,8,19038
"414","2","2","5","3",46.27,2,3604
"415","2","2","5","4",467.96,9,10597
"416","2","2","5","5",126.88,10,26433
"417","2","2","5","6",316.15,11,52950
"418","2","2","5","7",5605.79,290,1103530
"419","2","2","6","1",996.27,61,236220
"420","2","2","6","2",175.14,10,25036
"421","2","2","6","3",111.97,5,22261
"422","2","2","6","4",601.61,16,88961
"423","2","2","6","5",260.69,14,64368
"424","2","2","6","6",593.18,17,65578
"425","2","2","6","7",10107.1,427,1901371
"426","2","2","7","1",6021.43,233,1086534
"427","2","2","7","2",852.8,33,165960
"428","2","2","7","3",751.59,24,100564
"429","2","2","7","4",3293.99,60,201401
"430","2","2","7","5",1289.09,53,272610
"431","2","2","7","6",3665.27,97,524316
"432","2","2","7","7",56638.43,1784,8678652
"433","2","3","1","1",453.06,72,329632
"434","2","3","1","2",67.13,9,79565
"435","2","3","1","3",35.22,5,11746
"436","2","3","1","4",1653.17,89,338305
"437","2","3","1","5",206.62,38,124108
"438","2","3","1","6",859.95,64,213078
"439","2","3","1","7",11572.08,1221,5234086
"440","2","3","2","1",317.1,25,90162
"441","2","3","2","2",54.58,8,19327
"442","2","3","2","3",22.59,3,1209
"443","2","3","2","4",1187.43,30,123124
"444","2","3","2","5",129.53,13,99258
"445","2","3","2","6",617.11,40,137828
"446","2","3","2","7",8475.85,433,1952946
"447","2","3","3","1",357.43,18,37835
"448","2","3","3","2",62.87,3,5014
"449","2","3","3","3",18,0,0
"450","2","3","3","4",849.23,25,61591
"451","2","3","3","5",119.21,6,47495
"452","2","3","3","6",463.6,20,53173
"453","2","3","3","7",6659.01,311,1327403
"454","2","3","4","1",338.37,19,136281
"455","2","3","4","2",52.49,2,9253
"456","2","3","4","3",27.97,0,0
"457","2","3","4","4",571.94,23,142536
"458","2","3","4","5",113.36,6,21433
"459","2","3","4","6",406.33,21,131027
"460","2","3","4","7",5225.09,221,999631
"461","2","3","5","1",459.4,16,61958
"462","2","3","5","2",73.51,2,5056
"463","2","3","5","3",41.51,4,44278
"464","2","3","5","4",517.24,8,18455
"465","2","3","5","5",136.08,8,28248
"466","2","3","5","6",417.71,11,15568
"467","2","3","5","7",5978.32,244,1193523
"468","2","3","6","1",1060.28,43,245621
"469","2","3","6","2",124.82,7,12648
"470","2","3","6","3",119.17,2,5855
"471","2","3","6","4",639.97,12,64278
"472","2","3","6","5",307.56,14,90310
"473","2","3","6","6",740.33,24,117763
"474","2","3","6","7",10550.28,403,2053078
"475","2","3","7","1",7155.96,197,980780
"476","2","3","7","2",999.32,32,168854
"477","2","3","7","3",1049.99,19,41459
"478","2","3","7","4",3712.23,67,229231
"479","2","3","7","5",1862.44,74,388511
"480","2","3","7","6",4964,121,622350
"481","2","3","7","7",67734.15,1931,10232063
"482","2","4","1","1",868.6,115,627513
"483","2","4","1","2",122.54,10,113492
"484","2","4","1","3",55.08,3,33925
"485","2","4","1","4",2751.7,98,578698
"486","2","4","1","5",328.36,36,149698
"487","2","4","1","6",1730.51,105,604161
"488","2","4","1","7",20433.96,1463,6694443
"489","2","4","2","1",622.23,41,300510
"490","2","4","2","2",94.03,5,11936
"491","2","4","2","3",36.73,2,6387
"492","2","4","2","4",2037.95,48,152944
"493","2","4","2","5",189.27,17,40047
"494","2","4","2","6",1217.01,65,344450
"495","2","4","2","7",14830.97,661,3264436
"496","2","4","3","1",613.17,32,168882
"497","2","4","3","2",108.4,5,43676
"498","2","4","3","3",37.2,0,0
"499","2","4","3","4",1447.58,25,66208
"500","2","4","3","5",168.81,8,30465
"501","2","4","3","6",933.44,40,374818
"502","2","4","3","7",11500.09,434,2082373
"503","2","4","4","1",573.86,29,214513
"504","2","4","4","2",103.82,4,12077
"505","2","4","4","3",49.14,2,12947
"506","2","4","4","4",970.81,20,77705
"507","2","4","4","5",135.49,6,16781
"508","2","4","4","6",740.62,25,87155
"509","2","4","4","7",8946.32,295,1203398
"510","2","4","5","1",783.1,28,97770
"511","2","4","5","2",127.17,7,21026
"512","2","4","5","3",86.26,4,15583
"513","2","4","5","4",886.11,16,71474
"514","2","4","5","5",200.68,14,74804
"515","2","4","5","6",825.58,16,76879
"516","2","4","5","7",10088.3,328,1685206
"517","2","4","6","1",1839.13,72,505590
"518","2","4","6","2",298.73,5,16182
"519","2","4","6","3",234.01,8,42369
"520","2","4","6","4",1047.27,22,147524
"521","2","4","6","5",481.63,16,70430
"522","2","4","6","6",1317.07,34,162323
"523","2","4","6","7",17784.06,551,3041833
"524","2","4","7","1",15297.44,389,2505764
"525","2","4","7","2",2085.44,65,296375
"526","2","4","7","3",2140.94,38,253490
"527","2","4","7","4",6923.74,100,435674
"528","2","4","7","5",3721.62,115,641018
"529","2","4","7","6",10409.88,194,1070372
"530","2","4","7","7",131708.8,3003,16017692
"531","2","5","1","1",161.19,22,112479
"532","2","5","1","2",15.53,2,1668
"533","2","5","1","3",6.07,0,0
"534","2","5","1","4",454.21,15,61507
"535","2","5","1","5",69.38,13,83497
"536","2","5","1","6",301.14,21,87734
"537","2","5","1","7",3703.92,413,1907891
"538","2","5","2","1",132.69,7,27325
"539","2","5","2","2",17.31,1,1554
"540","2","5","2","3",4.2,0,0
"541","2","5","2","4",324.26,10,22854
"542","2","5","2","5",51.8,4,40692
"543","2","5","2","6",218.84,12,88266
"544","2","5","2","7",2746.08,178,656838.25
"545","2","5","3","1",122.86,8,51943
"546","2","5","3","2",21.15,0,0
"547","2","5","3","3",5.15,0,0
"548","2","5","3","4",240.23,6,13492
"549","2","5","3","5",38.15,6,16170
"550","2","5","3","6",173.78,4,17523
"551","2","5","3","7",2028.58,120,527475.5
"552","2","5","4","1",116.24,3,7229
"553","2","5","4","2",16.48,1,1000
"554","2","5","4","3",9.31,1,9867
"555","2","5","4","4",160.66,8,22404
"556","2","5","4","5",27.77,4,8119
"557","2","5","4","6",145.54,8,33299
"558","2","5","4","7",1630.59,75,367412
"559","2","5","5","1",185.95,11,53110
"560","2","5","5","2",23.75,2,4900
"561","2","5","5","3",15.57,0,0
"562","2","5","5","4",140.66,2,4876
"563","2","5","5","5",41.71,1,7056
"564","2","5","5","6",141.81,2,3200
"565","2","5","5","7",1805.85,89,363901
"566","2","5","6","1",394.91,9,25994
"567","2","5","6","2",55.35,3,7232
"568","2","5","6","3",40.03,1,1373
"569","2","5","6","4",177.67,4,6211
"570","2","5","6","5",92.95,7,21706
"571","2","5","6","6",244.32,8,41753
"572","2","5","6","7",3367.5,172,782604.5
"573","2","5","7","1",2257.49,80,452280
"574","2","5","7","2",284.44,7,45614
"575","2","5","7","3",300.78,9,55124
"576","2","5","7","4",946.25,19,68243
"577","2","5","7","5",583.99,18,113925
"578","2","5","7","6",1332.39,38,138432
"579","2","5","7","7",18389.21,607,2852339.75
"580","2","6","1","1",340.1,31,75947
"581","2","6","1","2",38.25,3,5658
"582","2","6","1","3",16.23,0,0
"583","2","6","1","4",767.66,30,187167
"584","2","6","1","5",134.82,31,164961
"585","2","6","1","6",585.23,44,309679
"586","2","6","1","7",6854.64,553,2751948
"587","2","6","2","1",233.67,20,159609
"588","2","6","2","2",33.6,2,5403
"589","2","6","2","3",14.01,0,0
"590","2","6","2","4",563.21,7,12459
"591","2","6","2","5",84.85,10,55348
"592","2","6","2","6",436.38,14,72563
"593","2","6","2","7",4798.62,230,1033992
"594","2","6","3","1",230.77,10,97153
"595","2","6","3","2",37.88,1,789
"596","2","6","3","3",14.41,0,0
"597","2","6","3","4",386.7,10,57758
"598","2","6","3","5",76.88,5,14166
"599","2","6","3","6",294.37,15,106215
"600","2","6","3","7",3628.7,134,827261
"601","2","6","4","1",186.52,12,81889
"602","2","6","4","2",31.99,3,2985
"603","2","6","4","3",15.77,0,0
"604","2","6","4","4",283.49,6,73962
"605","2","6","4","5",57.53,5,20515
"606","2","6","4","6",219.19,5,14794
"607","2","6","4","7",2777.88,105,558916
"608","2","6","5","1",253.84,20,105565
"609","2","6","5","2",47.01,2,5207
"610","2","6","5","3",28.29,0,0
"611","2","6","5","4",259.21,1,31442
"612","2","6","5","5",72.82,1,1742
"613","2","6","5","6",252.17,8,74154
"614","2","6","5","7",3023.59,91,652252
"615","2","6","6","1",560.62,17,107765
"616","2","6","6","2",88.23,0,0
"617","2","6","6","3",55.88,3,4731
"618","2","6","6","4",274.15,3,10929
"619","2","6","6","5",186,9,16980
"620","2","6","6","6",424.38,12,62560
"621","2","6","6","7",5450.37,194,1110401
"622","2","6","7","1",4492.77,136,727249
"623","2","6","7","2",606.55,16,114290
"624","2","6","7","3",561.04,21,128950
"625","2","6","7","4",1799.95,29,191942
"626","2","6","7","5",1203.92,48,118462
"627","2","6","7","6",2874.45,70,422565
"628","2","6","7","7",36231.19,928,5522032
"629","2","7","1","1",23.96,4,9848
"630","2","7","1","2",4.05,0,0
"631","2","7","1","4",92.39,5,4642
"632","2","7","1","5",7.36,0,0
"633","2","7","1","6",29.72,0,0
"634","2","7","1","7",565.5,39,109702
"635","2","7","2","1",20.83,1,2772
"636","2","7","2","2",3.41,0,0
"637","2","7","2","3",0.23,0,0
"638","2","7","2","4",48.63,1,1980
"639","2","7","2","5",2.1,0,0
"640","2","7","2","6",20.84,5,12647
"641","2","7","2","7",416.23,19,45789
"642","2","7","3","1",17.42,0,0
"643","2","7","3","2",2.38,0,0
"644","2","7","3","3",0.5,0,0
"645","2","7","3","4",46.18,1,756
"646","2","7","3","5",3.31,0,0
"647","2","7","3","6",13.92,1,2199
"648","2","7","3","7",289.04,7,15229
"649","2","7","4","1",13.24,0,0
"650","2","7","4","2",2.31,1,5000
"651","2","7","4","3",0.8,0,0
"652","2","7","4","4",27.66,0,0
"653","2","7","4","5",4.74,0,0
"654","2","7","4","6",11.37,0,0
"655","2","7","4","7",227.99,5,9681
"656","2","7","5","1",19.87,0,0
"657","2","7","5","2",5.74,1,3900
"658","2","7","5","3",1.69,0,0
"659","2","7","5","4",29.05,1,2913
"660","2","7","5","5",3.59,0,0
"661","2","7","5","6",14.42,1,3174
"662","2","7","5","7",282.07,13,31522
"663","2","7","6","1",41.17,1,3325
"664","2","7","6","2",7.55,2,7963
"665","2","7","6","3",1.56,0,0
"666","2","7","6","4",36.23,1,1327
"667","2","7","6","5",9.82,0,0
"668","2","7","6","6",21.9,0,0
"669","2","7","6","7",463.29,15,103527
"670","2","7","7","1",294.57,3,8171
"671","2","7","7","2",50.12,1,1510
"672","2","7","7","3",26.06,0,0
"673","2","7","7","4",216.41,4,65435
"674","2","7","7","5",60.68,0,0
"675","2","7","7","6",208.35,5,74182
"676","2","7","7","7",3371.13,77,340189
"677","3","1","1","1",638.51,148,578831
"678","3","1","1","2",94.77,29,137355
"679","3","1","1","3",126.87,29,137680
"680","3","1","1","4",398.58,55,162678
"681","3","1","1","5",167.88,41,73435
"682","3","1","1","6",354.26,48,166416
"683","3","1","1","7",6914.38,1426,6579888
"684","3","1","2","1",605.01,86,484085
"685","3","1","2","2",96.42,12,93305
"686","3","1","2","3",94.57,12,62554
"687","3","1","2","4",319.2,20,43734
"688","3","1","2","5",152.42,24,109785
"689","3","1","2","6",349.2,27,92572
"690","3","1","2","7",6051.93,733,3365499
"691","3","1","3","1",599.51,78,450864
"692","3","1","3","2",121.49,17,142141
"693","3","1","3","3",91.96,13,93038
"694","3","1","3","4",234.48,13,65170
"695","3","1","3","5",134.82,19,111059
"696","3","1","3","6",318.69,21,162284
"697","3","1","3","7",5273.43,500,2600045
"698","3","1","4","1",597.21,55,213704
"699","3","1","4","2",129.44,7,47589
"700","3","1","4","3",94.8,9,47251
"701","3","1","4","4",182.93,12,59369
"702","3","1","4","5",111.64,11,20942
"703","3","1","4","6",263.94,9,44772
"704","3","1","4","7",4843.34,419,1733756
"705","3","1","5","1",779.53,55,232521
"706","3","1","5","2",157.99,13,31952
"707","3","1","5","3",137.19,6,50067
"708","3","1","5","4",156.34,11,18221
"709","3","1","5","5",149.71,15,32164
"710","3","1","5","6",295.12,13,59509
"711","3","1","5","7",5534.87,373,1655933
"712","3","1","6","1",1557.98,107,435444
"713","3","1","6","2",329.74,29,133272
"714","3","1","6","3",320.71,13,150031
"715","3","1","6","4",210.91,4,15193
"716","3","1","6","5",336.02,30,194477
"717","3","1","6","6",576.63,24,137963
"718","3","1","6","7",10132.3,636,3150720
"719","3","1","7","1",8009.92,390,1992027
"720","3","1","7","2",1407.85,67,332194
"721","3","1","7","3",1538.74,49,397236
"722","3","1","7","4",806,31,209824
"723","3","1","7","5",1380.85,83,398103
"724","3","1","7","6",2848.53,111,493340
"725","3","1","7","7",46275.83,2215,10692912
"726","3","2","1","1",679.46,113,582788
"727","3","2","1","2",98.43,22,91135
"728","3","2","1","3",60.48,11,90425
"729","3","2","1","4",434.05,45,153794
"730","3","2","1","5",211.77,34,255298
"731","3","2","1","6",516.01,51,253258
"732","3","2","1","7",7328.91,1178,5198773
"733","3","2","2","1",638.08,83,350944
"734","3","2","2","2",117.12,19,141774
"735","3","2","2","3",52.69,11,58588
"736","3","2","2","4",408.69,22,136288
"737","3","2","2","5",168.09,33,150740
"738","3","2","2","6",523.36,22,100822
"739","3","2","2","7",6673.84,579,2557280
"740","3","2","3","1",687.29,60,382872
"741","3","2","3","2",111.63,11,55353
"742","3","2","3","3",68.91,5,7480
"743","3","2","3","4",294.06,14,88500
"744","3","2","3","5",154.39,20,42607
"745","3","2","3","6",446.83,25,116227
"746","3","2","3","7",5952.08,464,1930757
"747","3","2","4","1",661.35,50,257851
"748","3","2","4","2",139.58,15,29492
"749","3","2","4","3",67.99,3,4835
"750","3","2","4","4",198.46,6,11144
"751","3","2","4","5",151.85,10,18943
"752","3","2","4","6",390.18,15,37755
"753","3","2","4","7",5470.05,354,1739352
"754","3","2","5","1",848.62,70,265184
"755","3","2","5","2",204.12,19,116076
"756","3","2","5","3",129.16,6,20054
"757","3","2","5","4",149.52,7,40010
"758","3","2","5","5",214.27,14,21497
"759","3","2","5","6",431.35,18,89520
"760","3","2","5","7",6500.71,357,1473429
"761","3","2","6","1",1741.3,99,502889
"762","3","2","6","2",358.55,22,108381
"763","3","2","6","3",286.92,14,49960
"764","3","2","6","4",192.9,7,11847
"765","3","2","6","5",398.56,21,135284
"766","3","2","6","6",710.28,32,75776
"767","3","2","6","7",11462,643,3082485
"768","3","2","7","1",9358.84,359,2466406
"769","3","2","7","2",2021.95,107,520377
"770","3","2","7","3",1795.27,53,328548
"771","3","2","7","4",859.65,23,95241
"772","3","2","7","5",1856.01,77,323882
"773","3","2","7","6",3817.88,96,503384
"774","3","2","7","7",56954.58,2188,10503115
"775","3","3","1","1",703.88,120,547349
"776","3","3","1","2",88.45,10,20304
"777","3","3","1","3",39.68,3,5422
"778","3","3","1","4",461.44,33,121470
"779","3","3","1","5",209.99,53,234736
"780","3","3","1","6",633.85,52,241224
"781","3","3","1","7",7470.18,1019,4464493
"782","3","3","2","1",700.59,74,286946
"783","3","3","2","2",96.84,7,20675
"784","3","3","2","3",44.37,1,31442
"785","3","3","2","4",422.88,17,14982
"786","3","3","2","5",177.47,27,154791
"787","3","3","2","6",669.34,42,114629
"788","3","3","2","7",7167.41,574,2701880
"789","3","3","3","1",724.49,49,189534
"790","3","3","3","2",121.33,9,32584
"791","3","3","3","3",55.59,0,0
"792","3","3","3","4",275.9,7,40454
"793","3","3","3","5",162.92,17,33909
"794","3","3","3","6",576.1,21,55806
"795","3","3","3","7",6211.46,417,2183986
"796","3","3","4","1",679.01,38,197187
"797","3","3","4","2",119.96,13,62674
"798","3","3","4","3",69.04,2,2597
"799","3","3","4","4",173.48,11,46956
"800","3","3","4","5",155.48,8,45486
"801","3","3","4","6",468.53,19,75634
"802","3","3","4","7",5686.1,336,1593082
"803","3","3","5","1",946.01,50,199324
"804","3","3","5","2",172.42,12,27067
"805","3","3","5","3",104.52,4,34911
"806","3","3","5","4",188.53,4,33175
"807","3","3","5","5",209.61,9,81779
"808","3","3","5","6",515.69,17,77953
"809","3","3","5","7",6687.1,340,1551539
"810","3","3","6","1",1702.76,86,491502
"811","3","3","6","2",332.17,10,21654
"812","3","3","6","3",306.21,11,72861
"813","3","3","6","4",193.65,6,11444
"814","3","3","6","5",452.37,30,201310
"815","3","3","6","6",834.26,38,182641
"816","3","3","6","7",11223.9,517,2142838
"817","3","3","7","1",10469.92,325,1401833
"818","3","3","7","2",2071.24,68,353788
"819","3","3","7","3",2180.19,59,324185
"820","3","3","7","4",917.17,19,73569
"821","3","3","7","5",2435.19,86,468488
"822","3","3","7","6",4857.97,121,605098
"823","3","3","7","7",63261.02,2149,11002188
"824","3","4","1","1",1493.99,226,1107859
"825","3","4","1","2",131.48,14,103393
"826","3","4","1","3",88.79,8,112948
"827","3","4","1","4",774.1,39,121494
"828","3","4","1","5",372.41,66,369471
"829","3","4","1","6",1295.44,109,492597
"830","3","4","1","7",13787.5,1473,7314952
"831","3","4","2","1",1402.82,119,614064
"832","3","4","2","2",157.16,13,37643
"833","3","4","2","3",87.93,4,16203
"834","3","4","2","4",727.28,35,212362
"835","3","4","2","5",317.39,38,204612
"836","3","4","2","6",1299.16,65,566535
"837","3","4","2","7",12996.4,872,4491435
"838","3","4","3","1",1388.66,99,691234
"839","3","4","3","2",177.33,5,45982
"840","3","4","3","3",107.04,4,14953
"841","3","4","3","4",497.4,15,38416
"842","3","4","3","5",280.1,23,235331
"843","3","4","3","6",1084.19,46,166621
"844","3","4","3","7",11265.57,596,3472506
"845","3","4","4","1",1335.57,82,358249
"846","3","4","4","2",229.51,8,18246
"847","3","4","4","3",126.18,2,1916
"848","3","4","4","4",364.11,11,34707
"849","3","4","4","5",318.83,12,40334
"850","3","4","4","6",873.94,33,170727
"851","3","4","4","7",10008.08,461,2213433
"852","3","4","5","1",1685.23,82,547932
"853","3","4","5","2",323.48,15,38665
"854","3","4","5","3",223.59,5,16820
"855","3","4","5","4",349.22,3,6779
"856","3","4","5","5",390.21,15,161309
"857","3","4","5","6",986.77,31,230920
"858","3","4","5","7",11378.37,454,2249952
"859","3","4","6","1",3057.73,116,579356
"860","3","4","6","2",665.09,29,142262
"861","3","4","6","3",570.12,18,110476
"862","3","4","6","4",347.66,10,62709
"863","3","4","6","5",722.62,37,134350
"864","3","4","6","6",1508.43,41,206813
"865","3","4","6","7",19927.89,758,3937431
"866","3","4","7","1",21848.06,605,3502535
"867","3","4","7","2",4430.43,153,836130
"868","3","4","7","3",4695.14,91,528367
"869","3","4","7","4",1818.17,33,101358
"870","3","4","7","5",4808.39,127,850044
"871","3","4","7","6",10510.83,242,1174270
"872","3","4","7","7",127781.49,3522,19262635
"873","3","5","1","1",217.27,47,161646
"874","3","5","1","2",24.81,1,4656
"875","3","5","1","3",14.58,1,2810
"876","3","5","1","4",96.11,4,43315
"877","3","5","1","5",58.14,13,32595
"878","3","5","1","6",182.69,15,61055
"879","3","5","1","7",1979.48,257,1044775
"880","3","5","2","1",211.17,20,113635
"881","3","5","2","2",27.01,5,39053
"882","3","5","2","3",11.46,0,0
"883","3","5","2","4",89.19,4,23893
"884","3","5","2","5",58.24,10,24691
"885","3","5","2","6",208.24,12,29123
"886","3","5","2","7",2040.86,179,1052385.5
"887","3","5","3","1",231.22,23,64911
"888","3","5","3","2",32.05,1,2536
"889","3","5","3","3",14.51,2,1453
"890","3","5","3","4",56.66,3,5473
"891","3","5","3","5",48.09,7,8258
"892","3","5","3","6",175.31,7,16559
"893","3","5","3","7",1769.95,105,359768
"894","3","5","4","1",229.87,16,70312
"895","3","5","4","2",30.72,1,963
"896","3","5","4","3",17.05,1,2320
"897","3","5","4","4",35.98,1,2762
"898","3","5","4","5",51.82,4,37247
"899","3","5","4","6",151.72,7,16448
"900","3","5","4","7",1575.78,101,454397.75
"901","3","5","5","1",290.33,17,99863
"902","3","5","5","2",56.82,2,9871
"903","3","5","5","3",32.05,0,0
"904","3","5","5","4",41.54,0,0
"905","3","5","5","5",77.17,5,49022
"906","3","5","5","6",167.47,7,20196
"907","3","5","5","7",1983.04,124,808438.75
"908","3","5","6","1",608.43,29,81371
"909","3","5","6","2",128.85,8,16730
"910","3","5","6","3",96.56,3,13046
"911","3","5","6","4",43.29,1,390
"912","3","5","6","5",149.8,7,12686
"913","3","5","6","6",265.29,11,45599
"914","3","5","6","7",3648.52,184,894270
"915","3","5","7","1",3359.9,122,604369
"916","3","5","7","2",606.13,27,142803
"917","3","5","7","3",610.72,16,109950
"918","3","5","7","4",207.66,6,36294
"919","3","5","7","5",728.55,34,120719
"920","3","5","7","6",1353.85,50,293518
"921","3","5","7","7",17942.79,641,3243208.5
"922","3","6","1","1",572.91,85,404731
"923","3","6","1","2",44.41,2,2524
"924","3","6","1","3",23.13,1,5192
"925","3","6","1","4",197.5,8,46327
"926","3","6","1","5",138.07,19,118047
"927","3","6","1","6",444.98,50,355284
"928","3","6","1","7",4409.92,501,2613145
"929","3","6","2","1",503.2,51,272422
"930","3","6","2","2",54.76,3,7805
"931","3","6","2","3",20.94,0,0
"932","3","6","2","4",155.64,8,54065
"933","3","6","2","5",121.24,14,77633
"934","3","6","2","6",455.65,33,155704
"935","3","6","2","7",4112.54,291,1474836
"936","3","6","3","1",507.75,35,169303
"937","3","6","3","2",55.57,1,8610
"938","3","6","3","3",22.76,0,0
"939","3","6","3","4",106.79,3,6486
"940","3","6","3","5",104.27,7,18043
"941","3","6","3","6",372.07,10,53188
"942","3","6","3","7",3581.76,229,1020346
"943","3","6","4","1",455,23,67152
"944","3","6","4","2",70.27,3,6864
"945","3","6","4","3",28.52,0,0
"946","3","6","4","4",92.99,2,32158
"947","3","6","4","5",89.64,3,4864
"948","3","6","4","6",285.72,10,49974
"949","3","6","4","7",3059.63,146,658435
"950","3","6","5","1",518.47,21,118651
"951","3","6","5","2",96.83,4,9580
"952","3","6","5","3",58.16,1,3521
"953","3","6","5","4",77.26,0,0
"954","3","6","5","5",122.15,12,40820
"955","3","6","5","6",301.84,9,81184
"956","3","6","5","7",3446.3,155,807137
"957","3","6","6","1",992.33,44,278171
"958","3","6","6","2",209.98,6,71372
"959","3","6","6","3",165.79,4,55283
"960","3","6","6","4",80.16,4,10539
"961","3","6","6","5",247.97,11,86405
"962","3","6","6","6",546.95,24,80714
"963","3","6","6","7",6053.88,220,1146750
"964","3","6","7","1",6871.94,219,1148035
"965","3","6","7","2",1358.02,47,177092
"966","3","6","7","3",1305.97,25,142010
"967","3","6","7","4",417.82,9,19434
"968","3","6","7","5",1507.58,51,233769
"969","3","6","7","6",3172.45,55,321914
"970","3","6","7","7",37481.06,1115,6284080
"971","3","7","1","1",36.94,6,15613
"972","3","7","1","2",3.06,0,0
"973","3","7","1","3",2.02,0,0
"974","3","7","1","4",28.33,1,3005
"975","3","7","1","5",9.02,0,0
"976","3","7","1","6",20.84,4,5072
"977","3","7","1","7",348.45,26,157981
"978","3","7","2","1",33.57,3,6068
"979","3","7","2","2",9.92,0,0
"980","3","7","2","3",1.3,0,0
"981","3","7","2","4",22.69,1,1410
"982","3","7","2","5",10.46,2,33342
"983","3","7","2","6",24.96,1,4059
"984","3","7","2","7",357.78,15,145126
"985","3","7","3","1",35.15,1,2200
"986","3","7","3","2",8.06,0,0
"987","3","7","3","3",1.96,0,0
"988","3","7","3","4",18.8,1,1588
"989","3","7","3","5",5.05,0,0
"990","3","7","3","6",18.54,1,31442
"991","3","7","3","7",300.8,14,26291
"992","3","7","4","1",27.49,1,1329
"993","3","7","4","2",4.95,0,0
"994","3","7","4","3",2.11,0,0
"995","3","7","4","4",8.96,0,0
"996","3","7","4","5",6.14,1,1916
"997","3","7","4","6",17.98,0,0
"998","3","7","4","7",262.47,5,15880
"999","3","7","5","1",38.56,3,12590
"1000","3","7","5","2",10.75,0,0
"1001","3","7","5","3",3.11,0,0
"1002","3","7","5","4",8.92,0,0
"1003","3","7","5","5",4.96,0,0
"1004","3","7","5","6",17.21,0,0
"1005","3","7","5","7",275.93,8,11642
"1006","3","7","6","1",63.98,2,6574
"1007","3","7","6","2",16.87,4,7333
"1008","3","7","6","3",6.9,0,0
"1009","3","7","6","4",8.68,0,0
"1010","3","7","6","5",11.99,0,0
"1011","3","7","6","6",24.08,0,0
"1012","3","7","6","7",472.96,9,81464
"1013","3","7","7","1",420.95,7,16802
"1014","3","7","7","2",126.12,1,6020
"1015","3","7","7","3",39.14,1,1012
"1016","3","7","7","4",59.08,1,3580
"1017","3","7","7","5",81.78,3,3065
"1018","3","7","7","6",193.89,3,32827
"1019","3","7","7","7",2976.33,71,383194
"1020","4","1","1","1",213.38,53,244561
"1021","4","1","1","2",76.97,26,187544
"1022","4","1","1","3",60.42,8,18624
"1023","4","1","1","4",60.89,10,81052
"1024","4","1","1","5",53.3,10,52745
"1025","4","1","1","6",104.58,13,168471
"1026","4","1","1","7",2413.17,463,1959244
"1027","4","1","2","1",276.13,28,106668
"1028","4","1","2","2",73.41,14,30232
"1029","4","1","2","3",69.26,14,61941
"1030","4","1","2","4",73.29,5,66851
"1031","4","1","2","5",52.25,7,57304
"1032","4","1","2","6",139.64,9,59193
"1033","4","1","2","7",2528.18,300,1418990
"1034","4","1","3","1",299.1,36,196119
"1035","4","1","3","2",87.6,11,55966
"1036","4","1","3","3",67.91,6,13026
"1037","4","1","3","4",65.39,2,2186
"1038","4","1","3","5",60.44,8,23091
"1039","4","1","3","6",135.85,6,74018
"1040","4","1","3","7",2476.81,261,1282358
"1041","4","1","4","1",336.16,29,98220
"1042","4","1","4","2",119.03,9,61145
"1043","4","1","4","3",75.71,3,16285
"1044","4","1","4","4",44.78,0,0
"1045","4","1","4","5",69.52,11,67180
"1046","4","1","4","6",115.91,10,25912
"1047","4","1","4","7",2497.35,211,909201
"1048","4","1","5","1",480.43,41,129476
"1049","4","1","5","2",164.22,16,133759
"1050","4","1","5","3",123.44,7,48811
"1051","4","1","5","4",50.82,2,4868
"1052","4","1","5","5",102.56,3,13127
"1053","4","1","5","6",159.79,15,44864
"1054","4","1","5","7",3321.12,285,1146435
"1055","4","1","6","1",1110.72,84,399470
"1056","4","1","6","2",327.3,32,100742
"1057","4","1","6","3",300.23,47,234344
"1058","4","1","6","4",52.79,2,6842
"1059","4","1","6","5",209.45,23,67428
"1060","4","1","6","6",303.79,20,70487
"1061","4","1","6","7",6398.79,643,3204538
"1062","4","1","7","1",4918.02,236,1326307
"1063","4","1","7","2",1398.19,72,342421
"1064","4","1","7","3",2349.67,45,142660
"1065","4","1","7","4",252.36,15,25307
"1066","4","1","7","5",881.09,52,195295
"1067","4","1","7","6",1520.51,58,307753
"1068","4","1","7","7",28078.51,1533,6961895
"1069","4","2","1","1",230.25,30,169977
"1070","4","2","1","2",52.01,6,49480
"1071","4","2","1","3",42.02,6,19600
"1072","4","2","1","4",72.26,10,15713
"1073","4","2","1","5",63.55,10,45597
"1074","4","2","1","6",140.48,10,24925
"1075","4","2","1","7",2193.2,294,1236303
"1076","4","2","2","1",304.17,33,230024
"1077","4","2","2","2",74.05,9,25481
"1078","4","2","2","3",44.9,3,7212
"1079","4","2","2","4",74.01,1,700
"1080","4","2","2","5",71.95,7,12796
"1081","4","2","2","6",201.2,13,30337
"1082","4","2","2","7",2596.14,246,1092364
"1083","4","2","3","1",346.82,28,127469
"1084","4","2","3","2",74.87,13,71451
"1085","4","2","3","3",49.48,6,18584
"1086","4","2","3","4",67.62,4,11510
"1087","4","2","3","5",75.8,11,59922
"1088","4","2","3","6",211.42,12,52349
"1089","4","2","3","7",2687.22,229,1006377
"1090","4","2","4","1",398.7,30,121008
"1091","4","2","4","2",115.52,13,31036
"1092","4","2","4","3",61.44,5,15124
"1093","4","2","4","4",46.99,2,4809
"1094","4","2","4","5",81.79,9,79729
"1095","4","2","4","6",178.98,16,57389
"1096","4","2","4","7",2899.94,191,1003035
"1097","4","2","5","1",577.94,44,164565
"1098","4","2","5","2",186.56,17,37312
"1099","4","2","5","3",99.25,5,70395
"1100","4","2","5","4",37.92,2,3340
"1101","4","2","5","5",114.6,12,36371
"1102","4","2","5","6",231.48,8,12793
"1103","4","2","5","7",3947.82,259,1151448
"1104","4","2","6","1",1204.54,64,297189
"1105","4","2","6","2",348.05,20,87441
"1106","4","2","6","3",318.67,21,132964
"1107","4","2","6","4",59.64,2,2113
"1108","4","2","6","5",233.04,14,55184
"1109","4","2","6","6",401.81,21,79575
"1110","4","2","6","7",7575.26,498,2301450
"1111","4","2","7","1",6206.24,291,1529817
"1112","4","2","7","2",1778.53,97,442424
"1113","4","2","7","3",1574.59,60,408143
"1114","4","2","7","4",257.82,12,34524
"1115","4","2","7","5",1214.18,67,253711
"1116","4","2","7","6",1992.86,65,250177
"1117","4","2","7","7",35642.54,1583,8087237
"1118","4","3","1","1",252.96,35,165902
"1119","4","3","1","2",55.7,6,15001
"1120","4","3","1","3",42.39,5,19085
"1121","4","3","1","4",61.57,7,47058
"1122","4","3","1","5",76.42,18,103398
"1123","4","3","1","6",171.47,18,101601
"1124","4","3","1","7",2216.27,300,1304669
"1125","4","3","2","1",354.49,43,270211
"1126","4","3","2","2",56.21,7,45695
"1127","4","3","2","3",33.16,1,6939
"1128","4","3","2","4",72.74,5,12904
"1129","4","3","2","5",88.73,11,26769
"1130","4","3","2","6",257.15,19,67830
"1131","4","3","2","7",2773.36,242,1290344
"1132","4","3","3","1",388.74,25,131184
"1133","4","3","3","2",71.36,7,44201
"1134","4","3","3","3",38.48,1,4375
"1135","4","3","3","4",71.03,2,5964
"1136","4","3","3","5",86.96,11,42621
"1137","4","3","3","6",250.19,20,173266
"1138","4","3","3","7",2895.95,201,920468
"1139","4","3","4","1",449.5,29,195168
"1140","4","3","4","2",106.66,7,51072
"1141","4","3","4","3",50.85,3,34954
"1142","4","3","4","4",49.51,2,11339
"1143","4","3","4","5",93.52,3,4737
"1144","4","3","4","6",229.73,14,69250
"1145","4","3","4","7",2952.82,182,861198
"1146","4","3","5","1",623.39,41,164990
"1147","4","3","5","2",165.36,8,49197
"1148","4","3","5","3",107.24,6,9345
"1149","4","3","5","4",53.95,2,4256
"1150","4","3","5","5",115.89,13,33965
"1151","4","3","5","6",289.39,14,64812
"1152","4","3","5","7",3994.53,245,1167206
"1153","4","3","6","1",1211.8,55,204035
"1154","4","3","6","2",331.56,27,160170
"1155","4","3","6","3",244.41,21,112398
"1156","4","3","6","4",69.85,4,7558
"1157","4","3","6","5",285.97,13,72538
"1158","4","3","6","6",501.96,17,79132
"1159","4","3","6","7",7383.85,445,2461780
"1160","4","3","7","1",6637.23,243,1109910
"1161","4","3","7","2",1681.52,71,377529
"1162","4","3","7","3",1688.25,47,211505
"1163","4","3","7","4",319.83,6,49844
"1164","4","3","7","5",1402.18,55,204355
"1165","4","3","7","6",2650.35,76,436313
"1166","4","3","7","7",38831.29,1550,8324494
"1167","4","4","1","1",559.52,82,333333
"1168","4","4","1","2",79.18,9,83389
"1169","4","4","1","3",52.97,5,10472
"1170","4","4","1","4",139.86,4,13468
"1171","4","4","1","5",125.06,21,139195
"1172","4","4","1","6",395.86,34,101041
"1173","4","4","1","7",4265.52,484,2056493
"1174","4","4","2","1",759.38,75,461748
"1175","4","4","2","2",95.99,9,12058
"1176","4","4","2","3",61.91,2,10300
"1177","4","4","2","4",162.43,7,38966
"1178","4","4","2","5",171.4,17,79870
"1179","4","4","2","6",581.13,31,233888
"1180","4","4","2","7",5354.53,421,2232785
"1181","4","4","3","1",882.28,67,325944
"1182","4","4","3","2",140.89,6,22634
"1183","4","4","3","3",80.68,1,3416
"1184","4","4","3","4",120.58,3,70053
"1185","4","4","3","5",168.89,12,23087
"1186","4","4","3","6",566.4,24,143467
"1187","4","4","3","7",5475.07,341,1845396
"1188","4","4","4","1",930.38,53,294693
"1189","4","4","4","2",186.23,13,91535
"1190","4","4","4","3",103.32,2,12215
"1191","4","4","4","4",95.19,3,36777
"1192","4","4","4","5",202.06,16,71636
"1193","4","4","4","6",507.25,21,47506
"1194","4","4","4","7",5594.95,301,1640360
"1195","4","4","5","1",1240.15,72,441578
"1196","4","4","5","2",271.62,16,87667
"1197","4","4","5","3",229.54,14,83355
"1198","4","4","5","4",95.75,2,8741
"1199","4","4","5","5",262.73,18,44435
"1200","4","4","5","6",575.18,17,65613
"1201","4","4","5","7",7688.7,348,2066379
"1202","4","4","6","1",2278.6,101,444371
"1203","4","4","6","2",587.8,31,122651
"1204","4","4","6","3",504.36,14,103196
"1205","4","4","6","4",124.82,2,31519
"1206","4","4","6","5",520.21,26,116043
"1207","4","4","6","6",969.68,40,193661
"1208","4","4","6","7",14176.62,653,3422344
"1209","4","4","7","1",14598.67,444,2526990
"1210","4","4","7","2",3769.94,118,775364
"1211","4","4","7","3",3657.95,104,731869
"1212","4","4","7","4",639.63,8,13695
"1213","4","4","7","5",3018.7,95,485071
"1214","4","4","7","6",6256.55,150,730785
"1215","4","4","7","7",84665.15,2718,14261028
"1216","4","5","1","1",66.18,11,86991
"1217","4","5","1","2",12.2,2,4206
"1218","4","5","1","3",10.46,0,0
"1219","4","5","1","4",12.55,1,31442
"1220","4","5","1","5",16.22,1,617
"1221","4","5","1","6",45.16,1,1606
"1222","4","5","1","7",600.57,86,297559
"1223","4","5","2","1",95.88,4,40620
"1224","4","5","2","2",14.67,1,1234
"1225","4","5","2","3",9.1,0,0
"1226","4","5","2","4",14.04,0,0
"1227","4","5","2","5",23.38,5,10834
"1228","4","5","2","6",64.73,6,80041
"1229","4","5","2","7",705,66,251890
"1230","4","5","3","1",106.06,9,52060
"1231","4","5","3","2",25.79,3,5523
"1232","4","5","3","3",12.55,1,901
"1233","4","5","3","4",12.61,1,2693
"1234","4","5","3","5",28.41,1,1300
"1235","4","5","3","6",69.25,4,10121
"1236","4","5","3","7",727.67,44,270042
"1237","4","5","4","1",122.77,6,40268
"1238","4","5","4","2",28.66,1,1100
"1239","4","5","4","3",18.5,1,1855
"1240","4","5","4","4",10,0,0
"1241","4","5","4","5",29.15,0,0
"1242","4","5","4","6",71.37,4,11034
"1243","4","5","4","7",774.63,47,293039.75
"1244","4","5","5","1",186.4,6,97634
"1245","4","5","5","2",39.3,2,32030
"1246","4","5","5","3",31.63,2,6342
"1247","4","5","5","4",5.84,0,0
"1248","4","5","5","5",33.94,5,13825
"1249","4","5","5","6",88.3,2,32833
"1250","4","5","5","7",1083.7,61,312144.5
"1251","4","5","6","1",359.83,15,218411
"1252","4","5","6","2",79.26,10,50649
"1253","4","5","6","3",73.62,5,8906
"1254","4","5","6","4",13.33,0,0
"1255","4","5","6","5",83.2,6,49166
"1256","4","5","6","6",138.19,4,18433
"1257","4","5","6","7",2076.25,94,337528.5
"1258","4","5","7","1",1855.3,65,358790
"1259","4","5","7","2",457.25,25,217118
"1260","4","5","7","3",442.87,16,74000
"1261","4","5","7","4",61.12,2,3887
"1262","4","5","7","5",367.21,21,109371
"1263","4","5","7","6",633.37,19,145079
"1264","4","5","7","7",10184.19,423,2141030.25
"1265","4","6","1","1",187.75,35,171592
"1266","4","6","1","2",24.04,4,15092
"1267","4","6","1","3",13.61,2,32158
"1268","4","6","1","4",33.47,1,4487
"1269","4","6","1","5",41.84,8,13586
"1270","4","6","1","6",136.14,19,42561
"1271","4","6","1","7",1285.21,145,725324
"1272","4","6","2","1",259.57,30,142441
"1273","4","6","2","2",29.78,1,2640
"1274","4","6","2","3",16.41,0,0
"1275","4","6","2","4",37.07,1,9869
"1276","4","6","2","5",58.8,4,11865
"1277","4","6","2","6",209.75,8,80833
"1278","4","6","2","7",1701.76,133,497338
"1279","4","6","3","1",299.91,19,169849
"1280","4","6","3","2",28.45,0,0
"1281","4","6","3","3",22.83,0,0
"1282","4","6","3","4",30.88,0,0
"1283","4","6","3","5",54.01,4,4943
"1284","4","6","3","6",181.06,11,42891
"1285","4","6","3","7",1717.22,95,406938
"1286","4","6","4","1",300.59,17,117401
"1287","4","6","4","2",44.31,5,12173
"1288","4","6","4","3",28,0,0
"1289","4","6","4","4",19.33,0,0
"1290","4","6","4","5",53.55,3,5949
"1291","4","6","4","6",163.02,7,25358
"1292","4","6","4","7",1682.86,87,492167
"1293","4","6","5","1",385.54,16,110578
"1294","4","6","5","2",84.29,6,13624
"1295","4","6","5","3",64.25,1,1518
"1296","4","6","5","4",23.74,0,0
"1297","4","6","5","5",78.56,6,20737
"1298","4","6","5","6",198.91,7,20881
"1299","4","6","5","7",2147.7,117,671748
"1300","4","6","6","1",772.69,32,120917
"1301","4","6","6","2",188.97,11,69871
"1302","4","6","6","3",141.34,4,49093
"1303","4","6","6","4",35.49,0,0
"1304","4","6","6","5",160.82,7,53193
"1305","4","6","6","6",328.78,17,79488
"1306","4","6","6","7",4148.21,179,1053318
"1307","4","6","7","1",4739.07,156,1031429
"1308","4","6","7","2",1134.37,45,235652
"1309","4","6","7","3",1078.25,32,168555
"1310","4","6","7","4",151.43,2,5982
"1311","4","6","7","5",971.01,35,95823
"1312","4","6","7","6",1928.14,45,368238
"1313","4","6","7","7",24775.12,861,4584081
"1314","4","7","1","1",3.39,1,303
"1315","4","7","1","2",2.34,0,0
"1316","4","7","1","3",0.8,0,0
"1317","4","7","1","4",2.49,0,0
"1318","4","7","1","5",1.34,1,906
"1319","4","7","1","6",8.71,0,0
"1320","4","7","1","7",80.35,6,66711
"1321","4","7","2","1",19.19,0,0
"1322","4","7","2","2",3.27,0,0
"1323","4","7","2","3",0.38,0,0
"1324","4","7","2","4",5.71,1,31442
"1325","4","7","2","5",4.12,1,31442
"1326","4","7","2","6",10.07,0,0
"1327","4","7","2","7",116.18,10,33310
"1328","4","7","3","1",15.14,1,1441
"1329","4","7","3","2",4.09,0,0
"1330","4","7","3","3",0.9,0,0
"1331","4","7","3","4",1.06,0,0
"1332","4","7","3","5",2.02,0,0
"1333","4","7","3","6",6.7,0,0
"1334","4","7","3","7",107.52,8,14449
"1335","4","7","4","1",14.41,0,0
"1336","4","7","4","2",1.92,1,794
"1337","4","7","4","3",0.96,0,0
"1338","4","7","4","4",1.16,0,0
"1339","4","7","4","5",3.85,0,0
"1340","4","7","4","6",5.92,0,0
"1341","4","7","4","7",114.96,8,53095
"1342","4","7","5","1",14.35,0,0
"1343","4","7","5","2",4.57,0,0
"1344","4","7","5","3",3.34,0,0
"1345","4","7","5","4",3.56,0,0
"1346","4","7","5","5",7.44,0,0
"1347","4","7","5","6",13.81,0,0
"1348","4","7","5","7",152.29,7,49986
"1349","4","7","6","1",31.22,2,4738
"1350","4","7","6","2",14.4,0,0
"1351","4","7","6","3",4.81,0,0
"1352","4","7","6","4",6.03,0,0
"1353","4","7","6","5",4.25,2,2063
"1354","4","7","6","6",13.08,1,1769
"1355","4","7","6","7",308.93,10,22382
"1356","4","7","7","1",288.36,12,41206
"1357","4","7","7","2",84.68,1,1200
"1358","4","7","7","3",29.99,1,31442
"1359","4","7","7","4",19.07,1,3608
"1360","4","7","7","5",37.96,1,1455
"1361","4","7","7","6",113.33,2,7618
"1362","4","7","7","7",1796.07,59,261913
"1363","5","1","1","1",49.31,11,23218
"1364","5","1","1","2",22.93,6,14940
"1365","5","1","1","3",34.01,9,101091
"1366","5","1","1","4",6.08,0,0
"1367","5","1","1","5",17.77,4,4164
"1368","5","1","1","6",18.59,1,3044
"1369","5","1","1","7",609.95,104,381538
"1370","5","1","2","1",77.53,6,16812
"1371","5","1","2","2",29.09,5,9656
"1372","5","1","2","3",36.39,6,10543
"1373","5","1","2","4",11.32,1,8231
"1374","5","1","2","5",18.74,3,4571
"1375","5","1","2","6",32.02,3,38542
"1376","5","1","2","7",753.06,87,392466
"1377","5","1","3","1",85.77,4,14451
"1378","5","1","3","2",36.08,2,3784
"1379","5","1","3","3",34.31,6,8274
"1380","5","1","3","4",12.01,1,917
"1381","5","1","3","5",19.1,4,14439
"1382","5","1","3","6",32.8,4,12608
"1383","5","1","3","7",756.75,92,605394
"1384","5","1","4","1",105.73,15,90111
"1385","5","1","4","2",35.14,6,38663
"1386","5","1","4","3",53.38,1,3000
"1387","5","1","4","4",6.89,1,4686
"1388","5","1","4","5",18.19,3,3372
"1389","5","1","4","6",34.63,2,3178
"1390","5","1","4","7",794.66,71,430373
"1391","5","1","5","1",166.1,7,40729
"1392","5","1","5","2",66.54,5,43356
"1393","5","1","5","3",48.99,7,17562
"1394","5","1","5","4",10.91,1,993
"1395","5","1","5","5",32.5,5,47591
"1396","5","1","5","6",53.9,4,15205
"1397","5","1","5","7",1099.58,100,415856
"1398","5","1","6","1",344.68,32,184118
"1399","5","1","6","2",125.36,15,34894
"1400","5","1","6","3",130.03,11,66353
"1401","5","1","6","4",15,0,0
"1402","5","1","6","5",73.29,10,122551
"1403","5","1","6","6",95.16,4,9655
"1404","5","1","6","7",2241.56,181,747417
"1405","5","1","7","1",1528.57,87,483084
"1406","5","1","7","2",567.56,35,209646
"1407","5","1","7","3",563.23,34,107767
"1408","5","1","7","4",65.95,3,12950
"1409","5","1","7","5",278.46,24,93032
"1410","5","1","7","6",395.47,10,27088
"1411","5","1","7","7",9132.56,533,2487325
"1412","5","2","1","1",52.42,9,50023
"1413","5","2","1","2",18.13,3,33786
"1414","5","2","1","3",13.45,0,0
"1415","5","2","1","4",7.31,2,6906
"1416","5","2","1","5",17.93,7,18501
"1417","5","2","1","6",35.36,2,5317
"1418","5","2","1","7",523.98,87,362434
"1419","5","2","2","1",73.64,7,45054
"1420","5","2","2","2",25.83,4,12796
"1421","5","2","2","3",17.27,1,148
"1422","5","2","2","4",14.44,0,0
"1423","5","2","2","5",23.46,2,6103
"1424","5","2","2","6",58.09,5,36882
"1425","5","2","2","7",747.62,100,460968
"1426","5","2","3","1",126.64,11,28994
"1427","5","2","3","2",35.86,4,8066
"1428","5","2","3","3",21.01,2,10160
"1429","5","2","3","4",16.24,0,0
"1430","5","2","3","5",19.53,1,6861
"1431","5","2","3","6",56.42,3,7874
"1432","5","2","3","7",891.87,67,320733
"1433","5","2","4","1",138.08,16,134301
"1434","5","2","4","2",41.49,3,7068
"1435","5","2","4","3",34.65,3,38011
"1436","5","2","4","4",12.24,0,0
"1437","5","2","4","5",24.21,6,25737
"1438","5","2","4","6",54.79,2,2560
"1439","5","2","4","7",950.69,72,395056
"1440","5","2","5","1",199.99,14,66020
"1441","5","2","5","2",67.63,8,23998
"1442","5","2","5","3",44.13,1,2288
"1443","5","2","5","4",12.04,0,0
"1444","5","2","5","5",37.01,2,5688
"1445","5","2","5","6",67.39,4,5756
"1446","5","2","5","7",1364.52,106,362377
"1447","5","2","6","1",452.94,31,97902
"1448","5","2","6","2",166.21,17,158030
"1449","5","2","6","3",127.04,10,66279
"1450","5","2","6","4",16.52,1,1800
"1451","5","2","6","5",91.55,8,9753
"1452","5","2","6","6",135.02,3,8171
"1453","5","2","6","7",2851.44,165,930976
"1454","5","2","7","1",2110.59,107,595146
"1455","5","2","7","2",708.77,43,155553
"1456","5","2","7","3",717.74,28,222823
"1457","5","2","7","4",55.84,2,5417
"1458","5","2","7","5",403.75,21,52327
"1459","5","2","7","6",630.8,30,78258
"1460","5","2","7","7",12908.84,629,3311615
"1461","5","3","1","1",70.13,12,55595
"1462","5","3","1","2",17.58,1,8064
"1463","5","3","1","3",23.46,2,6214
"1464","5","3","1","4",11.23,1,8670
"1465","5","3","1","5",13.24,3,2138
"1466","5","3","1","6",47.61,5,12105
"1467","5","3","1","7",516.92,52,237894
"1468","5","3","2","1",112.86,11,25656
"1469","5","3","2","2",26.77,1,3915
"1470","5","3","2","3",25.69,7,41229
"1471","5","3","2","4",11.26,1,3468
"1472","5","3","2","5",23.55,3,2732
"1473","5","3","2","6",78.7,6,18099
"1474","5","3","2","7",811.57,79,331736
"1475","5","3","3","1",132.22,11,112977
"1476","5","3","3","2",32.33,2,5747
"1477","5","3","3","3",23.84,1,31442
"1478","5","3","3","4",12.19,1,2400
"1479","5","3","3","5",31.33,1,939
"1480","5","3","3","6",92.3,6,47618
"1481","5","3","3","7",907.35,49,208739
"1482","5","3","4","1",181.06,9,45410
"1483","5","3","4","2",46.47,0,0
"1484","5","3","4","3",29.81,0,0
"1485","5","3","4","4",9.02,0,0
"1486","5","3","4","5",31.21,6,44195
"1487","5","3","4","6",89.92,3,10382
"1488","5","3","4","7",1006.86,78,394123
"1489","5","3","5","1",232.21,9,86821
"1490","5","3","5","2",55.68,0,0
"1491","5","3","5","3",48.14,2,34624
"1492","5","3","5","4",12.63,0,0
"1493","5","3","5","5",52.17,2,3952
"1494","5","3","5","6",107.44,6,46145
"1495","5","3","5","7",1483.11,100,428965
"1496","5","3","6","1",502.26,23,107693
"1497","5","3","6","2",135.72,14,84314
"1498","5","3","6","3",140.08,5,9624
"1499","5","3","6","4",17.48,0,0
"1500","5","3","6","5",107.97,5,17978
"1501","5","3","6","6",143.88,11,27311
"1502","5","3","6","7",2975.44,151,795000
"1503","5","3","7","1",2312.76,107,695827
"1504","5","3","7","2",676.83,29,146054
"1505","5","3","7","3",748.35,33,169849
"1506","5","3","7","4",79.77,5,42430
"1507","5","3","7","5",504.39,18,66503
"1508","5","3","7","6",862.65,25,124101
"1509","5","3","7","7",14934.73,623,3079977
"1510","5","4","1","1",172.47,21,105510
"1511","5","4","1","2",26.09,0,0
"1512","5","4","1","3",30.77,5,40261
"1513","5","4","1","4",13.54,0,0
"1514","5","4","1","5",30.82,3,43190
"1515","5","4","1","6",104.04,9,25652
"1516","5","4","1","7",976.67,96,416965
"1517","5","4","2","1",269.84,31,271937
"1518","5","4","2","2",44.88,4,18343
"1519","5","4","2","3",43.45,4,16229
"1520","5","4","2","4",35.07,2,1770
"1521","5","4","2","5",48.57,7,18027
"1522","5","4","2","6",164.27,13,55542
"1523","5","4","2","7",1635.39,148,694647
"1524","5","4","3","1",324.35,21,81074
"1525","5","4","3","2",67.35,5,7762
"1526","5","4","3","3",35.51,2,2184
"1527","5","4","3","4",17.58,1,1500
"1528","5","4","3","5",49.59,6,12520
"1529","5","4","3","6",164.43,15,139115
"1530","5","4","3","7",1764.49,127,667523
"1531","5","4","4","1",328.35,21,88706
"1532","5","4","4","2",80.47,5,6326
"1533","5","4","4","3",56.09,3,5281
"1534","5","4","4","4",20.88,0,0
"1535","5","4","4","5",64.24,4,39255
"1536","5","4","4","6",174.1,9,57665
"1537","5","4","4","7",2013.76,108,506444
"1538","5","4","5","1",481.3,30,86157
"1539","5","4","5","2",130.83,4,41552
"1540","5","4","5","3",93.2,4,45751
"1541","5","4","5","4",21.78,1,2193
"1542","5","4","5","5",83.41,8,27643
"1543","5","4","5","6",228.49,12,113934
"1544","5","4","5","7",2950,172,893964
"1545","5","4","6","1",978.57,44,304384
"1546","5","4","6","2",284.51,12,110861
"1547","5","4","6","3",259.23,15,36007
"1548","5","4","6","4",36.88,0,0
"1549","5","4","6","5",179.94,6,57514
"1550","5","4","6","6",398.99,18,123132
"1551","5","4","6","7",5892.66,277,1707215
"1552","5","4","7","1",5091.56,187,1200157
"1553","5","4","7","2",1618.34,67,364718
"1554","5","4","7","3",1710.88,74,348802
"1555","5","4","7","4",166.09,4,7563
"1556","5","4","7","5",1098.94,50,223397
"1557","5","4","7","6",2288.5,62,240148
"1558","5","4","7","7",33264.15,1275,7294793
"1559","5","5","1","1",14.14,2,2676
"1560","5","5","1","2",3.98,2,9979
"1561","5","5","1","3",1.93,0,0
"1562","5","5","1","4",0.13,0,0
"1563","5","5","1","5",5.26,1,600
"1564","5","5","1","6",12.36,2,7638
"1565","5","5","1","7",112.56,14,61788
"1566","5","5","2","1",22.43,1,1825
"1567","5","5","2","2",6.47,0,0
"1568","5","5","2","3",3.74,0,0
"1569","5","5","2","4",3.6,0,0
"1570","5","5","2","5",4.65,0,0
"1571","5","5","2","6",19.16,1,1258
"1572","5","5","2","7",190.19,18,134628
"1573","5","5","3","1",28.65,3,2343
"1574","5","5","3","2",10.98,1,5762
"1575","5","5","3","3",5.65,0,0
"1576","5","5","3","4",2.86,0,0
"1577","5","5","3","5",6.91,1,956
"1578","5","5","3","6",26.36,2,11007
"1579","5","5","3","7",216.38,13,52061
"1580","5","5","4","1",41.28,1,4333
"1581","5","5","4","2",9.24,1,31442
"1582","5","5","4","3",9.24,1,1684
"1583","5","5","4","4",2.81,0,0
"1584","5","5","4","5",8.87,0,0
"1585","5","5","4","6",20.82,1,5368
"1586","5","5","4","7",248.1,15,106855
"1587","5","5","5","1",59.64,5,18003
"1588","5","5","5","2",13.54,0,0
"1589","5","5","5","3",9.66,1,31442
"1590","5","5","5","4",0.75,0,0
"1591","5","5","5","5",12.18,0,0
"1592","5","5","5","6",25.69,0,0
"1593","5","5","5","7",372.69,30,250211
"1594","5","5","6","1",136.9,12,96970
"1595","5","5","6","2",30.74,1,1503
"1596","5","5","6","3",38.5,3,35613
"1597","5","5","6","4",2.31,0,0
"1598","5","5","6","5",31.5,3,6302
"1599","5","5","6","6",39.79,3,34383
"1600","5","5","6","7",809.01,50,329961.75
"1601","5","5","7","1",593.04,21,123958
"1602","5","5","7","2",158.87,11,47492
"1603","5","5","7","3",196.15,9,30277
"1604","5","5","7","4",12.98,0,0
"1605","5","5","7","5",104.85,1,1978
"1606","5","5","7","6",194.9,4,10588
"1607","5","5","7","7",3439.9,166,847763.25
"1608","5","6","1","1",59.95,10,31740
"1609","5","6","1","2",8.18,0,0
"1610","5","6","1","3",7.13,1,2360
"1611","5","6","1","4",2.32,0,0
"1612","5","6","1","5",8.74,2,13931
"1613","5","6","1","6",25.54,3,32660
"1614","5","6","1","7",293.3,24,60587
"1615","5","6","2","1",93.52,11,25417
"1616","5","6","2","2",7.56,0,0
"1617","5","6","2","3",5.7,0,0
"1618","5","6","2","4",3.57,0,0
"1619","5","6","2","5",11.91,3,41995
"1620","5","6","2","6",70.7,3,11924
"1621","5","6","2","7",489.83,35,240820
"1622","5","6","3","1",104.27,8,51392
"1623","5","6","3","2",16,1,1363
"1624","5","6","3","3",9.16,2,4211
"1625","5","6","3","4",5.5,0,0
"1626","5","6","3","5",11.33,1,3759
"1627","5","6","3","6",58.02,3,10592
"1628","5","6","3","7",549.14,37,180113
"1629","5","6","4","1",103.11,8,23206
"1630","5","6","4","2",22.01,0,0
"1631","5","6","4","3",18.18,1,1955
"1632","5","6","4","4",3.26,0,0
"1633","5","6","4","5",15.31,2,5460
"1634","5","6","4","6",56.73,0,0
"1635","5","6","4","7",570.08,32,202831
"1636","5","6","5","1",129.17,5,14134
"1637","5","6","5","2",32.33,4,15546
"1638","5","6","5","3",31.2,1,2965
"1639","5","6","5","4",4.05,0,0
"1640","5","6","5","5",29.28,0,0
"1641","5","6","5","6",70.88,3,36493
"1642","5","6","5","7",841.81,41,219751
"1643","5","6","6","1",269.86,15,75377
"1644","5","6","6","2",82.85,3,5504
"1645","5","6","6","3",79.68,3,9347
"1646","5","6","6","4",6.7,0,0
"1647","5","6","6","5",64.77,3,13395
"1648","5","6","6","6",114.7,4,14816
"1649","5","6","6","7",1703.21,77,307288
"1650","5","6","7","1",1647.08,55,309988
"1651","5","6","7","2",477.62,23,155510
"1652","5","6","7","3",484.42,20,94528
"1653","5","6","7","4",35.59,1,31442
"1654","5","6","7","5",335.13,16,89775
"1655","5","6","7","6",731.98,10,57899
"1656","5","6","7","7",10188.09,387,2352293
"1657","5","7","1","1",2.25,0,0
"1658","5","7","1","2",0.09,0,0
"1659","5","7","1","3",0.9,0,0
"1660","5","7","1","5",0.73,0,0
"1661","5","7","1","6",3.46,0,0
"1662","5","7","1","7",25.93,2,4465
"1663","5","7","2","1",3.7,0,0
"1664","5","7","2","2",1.21,0,0
"1665","5","7","2","3",0.1,0,0
"1666","5","7","2","4",1.76,0,0
"1667","5","7","2","5",0.5,0,0
"1668","5","7","2","6",4.13,1,429
"1669","5","7","2","7",27.9,2,5216
"1670","5","7","3","1",3.23,0,0
"1671","5","7","3","2",1.61,0,0
"1672","5","7","3","3",0.4,0,0
"1673","5","7","3","5",0.7,0,0
"1674","5","7","3","6",5.43,1,1073
"1675","5","7","3","7",31.66,3,7305
"1676","5","7","4","1",4.29,1,626
"1677","5","7","4","2",3.47,0,0
"1678","5","7","4","3",1.49,0,0
"1679","5","7","4","4",0.01,0,0
"1680","5","7","4","5",3.31,0,0
"1681","5","7","4","6",3.27,0,0
"1682","5","7","4","7",38.06,3,4855
"1683","5","7","5","1",9.89,1,4125
"1684","5","7","5","2",1.5,0,0
"1685","5","7","5","3",0.2,0,0
"1686","5","7","5","4",1.36,0,0
"1687","5","7","5","5",1.77,0,0
"1688","5","7","5","6",2.74,0,0
"1689","5","7","5","7",48.23,2,2864
"1690","5","7","6","1",18.06,0,0
"1691","5","7","6","2",5.95,0,0
"1692","5","7","6","3",4.06,1,1140
"1693","5","7","6","4",2.81,0,0
"1694","5","7","6","5",2.7,1,5000
"1695","5","7","6","6",8.08,0,0
"1696","5","7","6","7",105.16,4,14546
"1697","5","7","7","1",86.76,1,913
"1698","5","7","7","2",36.79,3,6744
"1699","5","7","7","3",12.86,0,0
"1700","5","7","7","4",6.69,0,0
"1701","5","7","7","5",21.03,0,0
"1702","5","7","7","6",38.27,0,0
"1703","5","7","7","7",687.23,15,79549
